Symbol,Time,Open,High,Low,Last,Change,%Chg,Volume,Open Int
CUU23,08/21/2023,850,850,850,850,14.25,1.71%,1260,44978
CUU23,08/18/2023,835.75,835.75,835.75,835.75,-10.75,-1.27%,780,44238
CUU23,08/17/2023,846.5,846.5,846.5,846.5,12,1.44%,530,44347
CUU23,08/16/2023,834.5,834.5,834.5,834.5,9,1.09%,40,44307
CUU23,08/15/2023,825.5,825.5,825.5,825.5,15,1.85%,580,44267
CUU23,08/14/2023,810.5,810.5,810.5,810.5,-13.5,-1.64%,660,44640
CUU23,08/11/2023,824,824,824,824,-1.25,-0.15%,480,44420
CUU23,08/10/2023,825.25,825.25,825.25,825.25,-9,-1.08%,1820,44340
CUU23,08/09/2023,834.25,834.25,834.25,834.25,19,2.33%,900,43940
CUU23,08/08/2023,815.25,815.25,815.25,815.25,-24.5,-2.92%,1260,43820
CUU23,08/07/2023,839.75,839.75,839.75,839.75,-17,-1.98%,230,43580
CUU23,08/04/2023,856.75,856.75,856.75,856.75,7.75,0.91%,1440,43430
CUU23,08/03/2023,849,849,849,849,-21.5,-2.47%,1328,42510
CUU23,08/02/2023,870.5,870.5,870.5,870.5,6.5,0.75%,1810,42178
CUU23,08/01/2023,864,864,864,864,-2,-0.23%,1420,41498
CUU23,07/31/2023,866,866,866,866,-20.75,-2.34%,1076,40558
CUU23,07/28/2023,886.75,886.75,886.75,886.75,-10,-1.12%,1016,44466
CUU23,07/27/2023,896.75,896.75,896.75,896.75,-2.5,-0.28%,1050,43770
CUU23,07/26/2023,899.25,899.25,899.25,899.25,2.5,0.28%,290,43995
CUU23,07/25/2023,896.75,896.75,896.75,896.75,-18,-1.97%,1250,43975
CUQ23,07/24/2023,914.75,914.75,914.75,914.75,25.5,2.87%,1100,43900
CUQ23,07/21/2023,889.25,889.25,889.25,889.25,-4.5,-0.50%,320,43240
CUQ23,07/20/2023,893.75,893.75,893.75,893.75,44.75,5.27%,860,43080
CUN23,07/19/2023,849,849,849,849,0,0.00%,0,43020
CUN23,07/18/2023,849,849,849,849,-2.25,-0.26%,520,43020
CUN23,07/17/2023,851.25,851.25,851.25,851.25,1.5,0.18%,1880,42800
CUN23,07/14/2023,849.75,849.75,849.75,849.75,10.75,1.28%,300,42660
CUN23,07/13/2023,839,839,839,839,-3,-0.36%,2030,42760
CUN23,07/12/2023,842,842,842,842,6.75,0.81%,1040,43655
CUN23,07/11/2023,835.25,835.25,835.25,835.25,-5.25,-0.62%,890,43795
CUN23,07/10/2023,840.5,840.5,840.5,840.5,14.25,1.72%,560,44210
CUN23,07/07/2023,826.25,826.25,826.25,826.25,-13.25,-1.58%,120,43990
CUN23,07/06/2023,839.5,839.5,839.5,839.5,6.5,0.78%,820,43870
CUN23,07/05/2023,833,833,833,833,-19.75,-2.32%,3260,43260
CUN23,07/03/2023,852.75,852.75,852.75,852.75,43,5.31%,2720,43460
CUN23,06/30/2023,809.75,809.75,809.75,809.75,5.75,0.72%,844,42450
CUN23,06/29/2023,804,804,804,804,0,0.00%,0,47935
CUN23,06/28/2023,804,804,804,804,16.5,2.10%,2640,47935
CUN23,06/27/2023,787.5,787.5,787.5,787.5,-7,-0.88%,3880,48295
CUN23,06/26/2023,794.5,794.5,794.5,794.5,20,2.58%,800,48235
CUN23,06/23/2023,774.5,774.5,774.5,774.5,6.25,0.81%,400,48235
CUN23,06/22/2023,768.25,768.25,768.25,768.25,-11.25,-1.44%,710,47875
CUN23,06/21/2023,779.5,779.5,779.5,779.5,-25,-3.11%,840,47485
CUN23,06/20/2023,804.5,804.5,804.5,804.5,-7.25,-0.89%,1440,46965
CUN23,06/16/2023,811.75,811.75,811.75,811.75,53.25,7.02%,3000,46685
CUN23,06/15/2023,758.5,758.5,758.5,758.5,11.25,1.51%,1400,47005
CUN23,06/14/2023,747.25,747.25,747.25,747.25,4,0.54%,2730,47305
CUN23,06/13/2023,743.25,743.25,743.25,743.25,15,2.06%,920,47275
CUN23,06/12/2023,728.25,728.25,728.25,728.25,-4.25,-0.58%,80,47195
CUN23,06/09/2023,732.5,732.5,732.5,732.5,23.5,3.31%,500,47235
CUN23,06/08/2023,709,709,709,709,-14.5,-2.00%,360,47015
CUN23,06/07/2023,723.5,723.5,723.5,723.5,1.75,0.24%,720,47075
CUN23,06/06/2023,721.75,721.75,721.75,721.75,-13,-1.77%,4300,46795
CUM23,06/05/2023,734.75,734.75,734.75,734.75,0,0.00%,0,45935
CUM23,06/02/2023,734.75,734.75,734.75,734.75,23,3.23%,320,45935
CUM23,06/01/2023,711.75,711.75,711.75,711.75,15.25,2.19%,700,45855
CUM23,05/31/2023,696.5,696.5,696.5,696.5,-44.5,-6.01%,205,45435
CUM23,05/30/2023,741,741,741,741,-33,-4.26%,980,51650
CUM23,05/26/2023,774,774,774,774,17.5,2.31%,760,52030
CUM23,05/25/2023,756.5,756.5,756.5,756.5,15,2.02%,1260,51990
CUM23,05/24/2023,741.5,741.5,741.5,741.5,2.5,0.34%,1780,52290
CUM23,05/23/2023,739,739,739,739,-14,-1.86%,1220,51990
CUM23,05/22/2023,753,753,753,753,-13.25,-1.73%,380,51990
CUM23,05/19/2023,766.25,766.25,766.25,766.25,19,2.54%,800,51850
CUM23,05/18/2023,747.25,747.25,747.25,747.25,-10.75,-1.42%,1280,51570
CUM23,05/17/2023,758,758,758,758,-8.25,-1.08%,1400,51490
CUM23,05/16/2023,766.25,766.25,766.25,766.25,-11,-1.42%,965,51370
CUM23,05/15/2023,777.25,777.25,777.25,777.25,-12.75,-1.61%,360,51340
CUM23,05/12/2023,790,790,790,790,4.75,0.60%,1040,51380
CUM23,05/11/2023,785.25,785.25,785.25,785.25,-22.75,-2.82%,3920,50700
CUM23,05/10/2023,808,808,808,808,-20,-2.42%,1060,48760
CUM23,05/09/2023,828,828,828,828,-4.75,-0.57%,1280,49100
CUM23,05/08/2023,832.75,832.75,832.75,832.75,35,4.39%,1520,49120
CUM23,05/05/2023,797.75,797.75,797.75,797.75,37.75,4.97%,2720,48720
CUM23,05/04/2023,760,760,760,760,0,0.00%,200,48240
CUM23,05/03/2023,760,760,760,760,2,0.26%,1420,48080
CUM23,05/02/2023,758,758,758,758,10.75,1.44%,860,47760
CUK23,05/01/2023,747.25,747.25,747.25,747.25,0,0.00%,0,47680
CUK23,04/28/2023,747.25,747.25,747.25,747.25,-21.25,-2.77%,960,47680
CUK23,04/27/2023,768.5,768.5,768.5,768.5,-26.25,-3.30%,1260,52825
CUK23,04/26/2023,794.75,794.75,794.75,794.75,-16,-1.97%,1100,52785
CUK23,04/25/2023,810.75,810.75,810.75,810.75,-18.25,-2.20%,1980,52045
CUK23,04/24/2023,829,829,829,829,-25.5,-2.98%,0,52005
CUJ23,04/21/2023,854.5,854.5,854.5,854.5,0,0.00%,0,52005
CUJ23,04/20/2023,854.5,854.5,854.5,854.5,-1.75,-0.20%,720,52005
CUJ23,04/19/2023,856.25,856.25,856.25,856.25,-3.5,-0.41%,3510,51605
CUJ23,04/18/2023,859.75,859.75,859.75,859.75,13,1.54%,3360,51085
CUJ23,04/17/2023,846.75,846.75,846.75,846.75,4.75,0.56%,1000,50325
CUJ23,04/14/2023,842,842,842,842,-1.75,-0.21%,1540,50125
CUJ23,04/13/2023,843.75,843.75,843.75,843.75,-5.25,-0.62%,2000,50425
CUJ23,04/12/2023,849,849,849,849,-14.75,-1.71%,1920,49785
CUJ23,04/11/2023,863.75,863.75,863.75,863.75,5.5,0.64%,2140,49585
CUJ23,04/10/2023,858.25,858.25,858.25,858.25,-1.5,-0.17%,80,48285
CUJ23,04/06/2023,859.75,859.75,859.75,859.75,-10.75,-1.23%,2680,48285
CUJ23,04/05/2023,870.5,870.5,870.5,870.5,-18.25,-2.05%,1760,48045
CUJ23,04/04/2023,888.75,888.75,888.75,888.75,20.25,2.33%,1580,48225
CUJ23,04/03/2023,868.5,868.5,868.5,868.5,25,2.96%,2400,47875
CUJ23,03/31/2023,843.5,843.5,843.5,843.5,-5.25,-0.62%,220,47075
CUJ23,03/30/2023,848.75,848.75,848.75,848.75,16.5,1.98%,520,54015
CUJ23,03/29/2023,832.25,832.25,832.25,832.25,4.75,0.57%,840,53995
CUJ23,03/28/2023,827.5,827.5,827.5,827.5,24.25,3.02%,2800,53275
CUJ23,03/27/2023,803.25,803.25,803.25,803.25,10.75,1.36%,1400,52415
CUJ23,03/24/2023,792.5,792.5,792.5,792.5,-17.5,-2.16%,2620,52170
CUJ23,03/23/2023,810,810,810,810,-9,-1.10%,3400,50450
CUJ23,03/22/2023,819,819,819,819,-24.25,-2.88%,2360,50230
CUJ23,03/21/2023,843.25,843.25,843.25,843.25,1.75,0.21%,860,49450
CUJ23,03/20/2023,841.5,841.5,841.5,841.5,-30.25,-3.47%,520,49190
CUJ23,03/17/2023,871.75,871.75,871.75,871.75,0,0.00%,1400,48750
CUJ23,03/16/2023,871.75,871.75,871.75,871.75,-10.75,-1.22%,1440,47630
CUJ23,03/15/2023,882.5,882.5,882.5,882.5,7.75,0.89%,840,47270
CUJ23,03/14/2023,874.75,874.75,874.75,874.75,-13,-1.46%,1050,47190
CUJ23,03/13/2023,887.75,887.75,887.75,887.75,-7.25,-0.81%,1260,47160
CUJ23,03/10/2023,895,895,895,895,-28.25,-3.06%,1620,46720
CUJ23,03/09/2023,923.25,923.25,923.25,923.25,5.75,0.63%,1060,45905
CUJ23,03/08/2023,917.5,917.5,917.5,917.5,-13.75,-1.48%,1540,45465
CUJ23,03/07/2023,931.25,931.25,931.25,931.25,-18.75,-1.97%,1760,45785
CUJ23,03/06/2023,950,950,950,950,-15,-1.55%,1900,44725
CUJ23,03/03/2023,965,965,965,965,14.5,1.53%,2640,44205
CUJ23,03/02/2023,950.5,950.5,950.5,950.5,20.25,2.18%,2520,43405
CUJ23,03/01/2023,930.25,930.25,930.25,930.25,12.75,1.39%,1480,41865
CUJ23,02/28/2023,917.5,917.5,917.5,917.5,-25.5,-2.70%,1820,41165
CUH23,02/27/2023,943,943,943,943,-2.75,-0.29%,2360,46156
CUH23,02/24/2023,945.75,945.75,945.75,945.75,-7.75,-0.81%,1320,45856
CUH23,02/23/2023,953.5,953.5,953.5,953.5,21.25,2.28%,1470,45916
CUH23,02/22/2023,932.25,932.25,932.25,932.25,-1,-0.11%,1710,45336
CUH23,02/21/2023,933.25,933.25,933.25,933.25,1.75,0.19%,2900,45316
CUH23,02/17/2023,931.5,931.5,931.5,931.5,8.25,0.89%,1295,45296
CUH23,02/16/2023,923.25,923.25,923.25,923.25,26.75,2.98%,3320,44956
CUH23,02/15/2023,896.5,896.5,896.5,896.5,-14.5,-1.59%,1700,45446
CUH23,02/14/2023,911,911,911,911,11.5,1.28%,2660,45456
CUH23,02/13/2023,899.5,899.5,899.5,899.5,-7.25,-0.80%,1200,44966
CUH23,02/10/2023,906.75,906.75,906.75,906.75,-15.5,-1.68%,1340,44685
CUH23,02/09/2023,922.25,922.25,922.25,922.25,-8,-0.86%,340,44065
CUH23,02/08/2023,930.25,930.25,930.25,930.25,16.25,1.78%,2080,44035
CUH23,02/07/2023,914,914,914,914,11.75,1.30%,920,44455
CUG23,02/06/2023,902.25,902.25,902.25,902.25,0,0.00%,0,43875
CUG23,02/03/2023,902.25,902.25,902.25,902.25,14.75,1.66%,780,43875
CUG23,02/02/2023,887.5,887.5,887.5,887.5,-9.75,-1.09%,2680,43475
CUG23,02/01/2023,897.25,897.25,897.25,897.25,0,0.00%,0,43035
CUG23,01/31/2023,897.25,897.25,897.25,897.25,-31,-3.34%,2200,43035
CUG23,01/30/2023,928.25,928.25,928.25,928.25,6,0.65%,1980,48037
CUG23,01/27/2023,922.25,922.25,922.25,922.25,31.25,3.51%,2260,47177
CUG23,01/26/2023,891,891,891,891,8.25,0.93%,520,46337
CUG23,01/25/2023,882.75,882.75,882.75,882.75,-27.5,-3.02%,3560,45997
CUF23,01/24/2023,910.25,910.25,910.25,910.25,0,0.00%,0,44827
CUF23,01/23/2023,910.25,910.25,910.25,910.25,0,0.00%,0,44827
CUF23,01/20/2023,910.25,910.25,910.25,910.25,2,0.22%,60,44827
CUF23,01/19/2023,908.25,908.25,908.25,908.25,3,0.33%,385,44787
CUF23,01/18/2023,905.25,905.25,905.25,905.25,6.5,0.72%,2160,44707
CUF23,01/17/2023,898.75,898.75,898.75,898.75,-4.75,-0.53%,3719,44722
CUF23,01/13/2023,903.5,903.5,903.5,903.5,-6,-0.66%,1400,44462
CUF23,01/12/2023,909.5,909.5,909.5,909.5,1.25,0.14%,255,43502
CUF23,01/11/2023,908.25,908.25,908.25,908.25,-12.75,-1.38%,2060,43402
CUF23,01/10/2023,921,921,921,921,-20.75,-2.20%,4050,42482
CUF23,01/09/2023,941.75,941.75,941.75,941.75,16.5,1.78%,840,40931
CUF23,01/06/2023,925.25,925.25,925.25,925.25,-5.75,-0.62%,140,40891
CUF23,01/05/2023,931,931,931,931,-14.25,-1.51%,800,40771
CUF23,01/04/2023,945.25,945.25,945.25,945.25,-19.25,-2.00%,680,40491
CUF23,01/03/2023,964.5,964.5,964.5,964.5,15.5,1.63%,0,40971
CUF23,12/30/2022,949,949,949,949,24,2.59%,10,40971
CUF23,12/29/2022,925,925,925,925,0.25,0.03%,520,45743
CUF23,12/28/2022,924.75,924.75,924.75,924.75,-3.5,-0.38%,120,45798
CUF23,12/27/2022,928.25,928.25,928.25,928.25,60.25,6.94%,360,45678
CUF23,12/23/2022,868,868,868,868,-15.5,-1.75%,1010,45718
CUF23,12/22/2022,883.5,883.5,883.5,883.5,-8.25,-0.93%,1050,45509
CUF23,12/21/2022,891.75,891.75,891.75,891.75,13.25,1.51%,1940,45099
CUF23,12/20/2022,878.5,878.5,878.5,878.5,-9.5,-1.07%,860,43509
CUF23,12/19/2022,888,888,888,888,-3.5,-0.39%,280,43069
CUZ22,12/16/2022,891.5,891.5,891.5,891.5,0.75,0.08%,132,42949
CUZ22,12/15/2022,890.75,890.75,890.75,890.75,-8.5,-0.95%,455,42841
CUZ22,12/14/2022,899.25,899.25,899.25,899.25,10.75,1.21%,920,42416
CUZ22,12/13/2022,888.5,888.5,888.5,888.5,18.5,2.13%,400,41757
CUZ22,12/12/2022,870,870,870,870,-43.25,-4.74%,815,41557
CUZ22,12/09/2022,913.25,913.25,913.25,913.25,10.5,1.16%,40,40977
CUZ22,12/08/2022,902.75,902.75,902.75,902.75,-5.75,-0.63%,1040,40937
CUZ22,12/07/2022,908.5,908.5,908.5,908.5,-25.75,-2.76%,1340,40617
CUZ22,12/06/2022,934.25,934.25,934.25,934.25,22.5,2.47%,1790,40777
CUZ22,12/05/2022,911.75,911.75,911.75,911.75,10,1.11%,720,40607
CUZ22,12/02/2022,901.75,901.75,901.75,901.75,-24.75,-2.67%,1240,40487
CUZ22,12/01/2022,926.5,926.5,926.5,926.5,-30.25,-3.16%,760,39772
CUZ22,11/30/2022,956.75,956.75,956.75,956.75,17.5,1.86%,740,39412
CUZ22,11/29/2022,939.25,939.25,939.25,939.25,14.5,1.57%,1465,45596
CUZ22,11/28/2022,924.75,924.75,924.75,924.75,0,0.00%,0,45616
CUZ22,11/25/2022,924.75,924.75,924.75,924.75,25.25,2.81%,1610,45616
CUZ22,11/23/2022,899.5,899.5,899.5,899.5,22.5,2.57%,1400,45152
CUZ22,11/22/2022,877,877,877,877,33.5,3.97%,2200,45043
CUZ22,11/21/2022,843.5,843.5,843.5,843.5,-36.5,-4.15%,480,46236
CUX22,11/18/2022,880,880,880,880,0,0.00%,0,46378
CUX22,11/17/2022,880,880,880,880,-18.5,-2.06%,1360,46378
CUX22,11/16/2022,898.5,898.5,898.5,898.5,2,0.22%,1700,45798
CUX22,11/15/2022,896.5,896.5,896.5,896.5,-10.75,-1.18%,400,45518
CUX22,11/14/2022,907.25,907.25,907.25,907.25,-15.5,-1.68%,1160,45798
CUX22,11/11/2022,922.75,922.75,922.75,922.75,24.5,2.73%,200,45198
CUX22,11/10/2022,898.25,898.25,898.25,898.25,-0.5,-0.06%,420,45278
CUX22,11/09/2022,898.75,898.75,898.75,898.75,-24.5,-2.65%,480,44958
CUX22,11/08/2022,923.25,923.25,923.25,923.25,-12,-1.28%,1200,44598
CUX22,11/07/2022,935.25,935.25,935.25,935.25,11.75,1.27%,200,43748
CUX22,11/04/2022,923.5,923.5,923.5,923.5,6.25,0.68%,0,43708
CUX22,11/03/2022,917.25,917.25,917.25,917.25,-11.5,-1.24%,500,43708
CUX22,11/02/2022,928.75,928.75,928.75,928.75,31.75,3.54%,160,43392
CUX22,11/01/2022,897,897,897,897,37.25,4.33%,260,43352
CUX22,10/31/2022,859.75,859.75,859.75,859.75,12.25,1.45%,750,43372
CUX22,10/28/2022,847.5,847.5,847.5,847.5,-36,-4.07%,1000,48028
CUX22,10/27/2022,883.5,883.5,883.5,883.5,7.75,0.88%,435,47828
CUX22,10/26/2022,875.75,875.75,875.75,875.75,2.25,0.26%,2140,48023
CUX22,10/25/2022,873.5,873.5,873.5,873.5,46.25,5.59%,2160,47655
CUV22,10/24/2022,827.25,827.25,827.25,827.25,0,0.00%,0,47995
CUV22,10/21/2022,827.25,827.25,827.25,827.25,-0.25,-0.03%,220,47995
CUV22,10/20/2022,827.5,827.5,827.5,827.5,-2,-0.24%,1000,47975
CUV22,10/19/2022,829.5,829.5,829.5,829.5,9.25,1.13%,4160,47215
CUV22,10/18/2022,820.25,820.25,820.25,820.25,12,1.48%,800,45698
CUV22,10/17/2022,808.25,808.25,808.25,808.25,1,0.12%,220,45778
CUV22,10/14/2022,807.25,807.25,807.25,807.25,19.25,2.44%,120,45814
CUV22,10/13/2022,788,788,788,788,-10.5,-1.31%,960,45814
CUV22,10/12/2022,798.5,798.5,798.5,798.5,5.75,0.73%,490,45739
CUV22,10/11/2022,792.75,792.75,792.75,792.75,-26.25,-3.21%,40,45503
CUV22,10/10/2022,819,819,819,819,0,0.00%,0,45503
CUV22,10/07/2022,819,819,819,819,21,2.63%,200,45503
CUV22,10/06/2022,798,798,798,798,11,1.40%,20,45423
CUV22,10/05/2022,787,787,787,787,5.5,0.70%,320,45403
CUV22,10/04/2022,781.5,781.5,781.5,781.5,40.5,5.47%,310,45083
CUV22,10/03/2022,741,741,741,741,0.5,0.07%,664,44893
CUV22,09/30/2022,740.5,740.5,740.5,740.5,17,2.35%,1160,44317
CUV22,09/29/2022,723.5,723.5,723.5,723.5,24,3.43%,1840,50773
CUV22,09/28/2022,699.5,699.5,699.5,699.5,-67.75,-8.83%,1228,50038
CUV22,09/27/2022,767.25,767.25,767.25,767.25,-4.5,-0.58%,2480,49569
CUV22,09/26/2022,771.75,771.75,771.75,771.75,-45.25,-5.54%,760,49529
CUV22,09/23/2022,817,817,817,817,-23.25,-2.77%,1660,49009
CUV22,09/22/2022,840.25,840.25,840.25,840.25,-16.75,-1.95%,280,47909
CUV22,09/21/2022,857,857,857,857,34,4.13%,1010,47709
CUV22,09/20/2022,823,823,823,823,6.5,0.80%,1240,47119
CUV22,09/19/2022,816.5,816.5,816.5,816.5,-21.25,-2.54%,360,46019
CUU22,09/16/2022,837.75,837.75,837.75,837.75,0,0.00%,0,45779
CUU22,09/15/2022,837.75,837.75,837.75,837.75,-16.25,-1.90%,3080,45779
CUU22,09/14/2022,854,854,854,854,-5.25,-0.61%,1480,45929
CUU22,09/13/2022,859.25,859.25,859.25,859.25,29.5,3.56%,1360,44994
CUU22,09/12/2022,829.75,829.75,829.75,829.75,11.5,1.41%,80,44674
CUU22,09/09/2022,818.25,818.25,818.25,818.25,9.5,1.17%,40,44634
CUU22,09/08/2022,808.75,808.75,808.75,808.75,-23.25,-2.79%,40,44594
CUU22,09/07/2022,832,832,832,832,-20.5,-2.40%,1540,44554
CUU22,09/06/2022,852.5,852.5,852.5,852.5,-24.25,-2.77%,1380,44794
CUU22,09/02/2022,876.75,876.75,876.75,876.75,-16.25,-1.82%,280,45164
CUU22,09/01/2022,893,893,893,893,-35.75,-3.85%,460,45084
CUU22,08/31/2022,928.75,928.75,928.75,928.75,0,0.00%,0,45344
CUU22,08/30/2022,928.75,928.75,928.75,928.75,-5.5,-0.59%,1600,50940
CUU22,08/29/2022,934.25,934.25,934.25,934.25,-2.5,-0.27%,2320,50480
CUU22,08/26/2022,936.75,936.75,936.75,936.75,-17.25,-1.81%,1160,49480
CUU22,08/25/2022,954,954,954,954,-8,-0.83%,2560,48600
CUU22,08/24/2022,962,962,962,962,15.75,1.66%,1440,48120
CUU22,08/23/2022,946.25,946.25,946.25,946.25,15,1.61%,1020,48688
CUU22,08/22/2022,931.25,931.25,931.25,931.25,16.25,1.78%,560,47948
CUU22,08/19/2022,915,915,915,915,10,1.10%,420,47948
CUU22,08/18/2022,905,905,905,905,-36.5,-3.88%,1780,47908
CUU22,08/17/2022,941.5,941.5,941.5,941.5,2.25,0.24%,1582,46828
CUU22,08/16/2022,939.25,939.25,939.25,939.25,7,0.75%,920,46200
CUU22,08/15/2022,932.25,932.25,932.25,932.25,-65,-6.52%,2700,45860
CUU22,08/12/2022,997.25,997.25,997.25,997.25,35.5,3.69%,600,45555
CUU22,08/11/2022,961.75,961.75,961.75,961.75,37.25,4.03%,1720,45675
CUU22,08/10/2022,924.5,924.5,924.5,924.5,-3.75,-0.40%,120,45235
CUU22,08/09/2022,928.25,928.25,928.25,928.25,11.5,1.25%,120,45115
CUU22,08/08/2022,916.75,916.75,916.75,916.75,38,4.32%,140,45195
CUU22,08/05/2022,878.75,878.75,878.75,878.75,16.25,1.88%,340,45215
CUU22,08/04/2022,862.5,862.5,862.5,862.5,-14.25,-1.63%,60,44915
CUU22,08/03/2022,876.75,876.75,876.75,876.75,0.75,0.09%,360,44855
CUU22,08/02/2022,876,876,876,876,-52.5,-5.65%,60,44755
CUU22,08/01/2022,928.5,928.5,928.5,928.5,-44.5,-4.57%,400,44695
CUU22,07/29/2022,973,973,973,973,73.5,8.17%,120,44695
CUU22,07/28/2022,899.5,899.5,899.5,899.5,37.5,4.35%,910,49579
CUU22,07/27/2022,862,862,862,862,10.5,1.23%,800,49259
CUQ22,07/26/2022,851.5,851.5,851.5,851.5,30,3.65%,500,48539
CUQ22,07/25/2022,821.5,821.5,821.5,821.5,-11.5,-1.38%,1292,48059
CUQ22,07/22/2022,833,833,833,833,-4,-0.48%,700,47291
CUQ22,07/21/2022,837,837,837,837,-50,-5.64%,2360,47911
CUQ22,07/20/2022,887,887,887,887,21.5,2.48%,40,48489
CUQ22,07/19/2022,865.5,865.5,865.5,865.5,-25.5,-2.86%,1360,48449
CUQ22,07/18/2022,891,891,891,891,69.5,8.46%,2700,48329
CUQ22,07/15/2022,821.5,821.5,821.5,821.5,0,0.00%,420,47729
CUQ22,07/14/2022,821.5,821.5,821.5,821.5,-36.5,-4.25%,1940,47609
CUQ22,07/13/2022,858,858,858,858,-79.75,-8.50%,630,46329
CUQ22,07/12/2022,937.75,937.75,937.75,937.75,-13.5,-1.42%,70,45779
CUN22,07/11/2022,951.25,951.25,951.25,951.25,0,0.00%,0,45709
CUN22,07/08/2022,951.25,951.25,951.25,951.25,2.75,0.29%,1720,45709
CUN22,07/07/2022,948.5,948.5,948.5,948.5,18,1.93%,2560,46089
CUN22,07/06/2022,930.5,930.5,930.5,930.5,-23.5,-2.46%,1174,44409
CUN22,07/05/2022,954,954,954,954,-112.25,-10.53%,2416,43605
CUN22,07/01/2022,1066.25,1066.25,1066.25,1066.25,-46.5,-4.18%,625,43569
CUN22,06/30/2022,1112.75,1112.75,1112.75,1112.75,0.75,0.07%,1945,43194
CUN22,06/29/2022,1112,1112,1112,1112,-18.25,-1.61%,1226,48709
CUN22,06/28/2022,1130.25,1130.25,1130.25,1130.25,15.5,1.39%,1645,48663
CUN22,06/27/2022,1114.75,1114.75,1114.75,1114.75,55.5,5.24%,1050,49158
CUN22,06/24/2022,1059.25,1059.25,1059.25,1059.25,-16.25,-1.51%,440,49898
CUN22,06/23/2022,1075.5,1075.5,1075.5,1075.5,58.25,5.73%,2790,49818
CUN22,06/22/2022,1017.25,1017.25,1017.25,1017.25,-111.75,-9.90%,1380,49772
CUN22,06/21/2022,1129,1129,1129,1129,-106.75,-8.64%,3587,48942
CUN22,06/17/2022,1235.75,1235.75,1235.75,1235.75,-2.75,-0.22%,3582,46992
CUN22,06/16/2022,1238.5,1238.5,1238.5,1238.5,-17.75,-1.41%,2260,44898
CUN22,06/15/2022,1256.25,1256.25,1256.25,1256.25,-34.75,-2.69%,1440,44718
CUN22,06/14/2022,1291,1291,1291,1291,21.5,1.69%,20,43778
CUN22,06/13/2022,1269.5,1269.5,1269.5,1269.5,-34.25,-2.63%,1572,43758
CUN22,06/10/2022,1303.75,1303.75,1303.75,1303.75,-65.25,-4.77%,800,43560
CUN22,06/09/2022,1369,1369,1369,1369,-52.5,-3.69%,540,43720
CUN22,06/08/2022,1421.5,1421.5,1421.5,1421.5,-4.75,-0.33%,3920,43540
CUN22,06/07/2022,1426.25,1426.25,1426.25,1426.25,-20.75,-1.43%,2240,41000
CUM22,06/06/2022,1447,1447,1447,1447,0,0.00%,0,40620
CUM22,06/03/2022,1447,1447,1447,1447,2.25,0.16%,120,40620
CUM22,06/02/2022,1444.75,1444.75,1444.75,1444.75,17.25,1.21%,916,40620
CUM22,06/01/2022,1427.5,1427.5,1427.5,1427.5,5.25,0.37%,180,40920
CUM22,05/31/2022,1422.25,1422.25,1422.25,1422.25,-3,-0.21%,678,40860
CUM22,05/27/2022,1425.25,1425.25,1425.25,1425.25,-36,-2.46%,240,45657
CUM22,05/26/2022,1461.25,1461.25,1461.25,1461.25,28.75,2.01%,80,45537
CUM22,05/25/2022,1432.5,1432.5,1432.5,1432.5,-21,-1.44%,240,45497
CUM22,05/24/2022,1453.5,1453.5,1453.5,1453.5,41.75,2.96%,300,45257
CUM22,05/23/2022,1411.75,1411.75,1411.75,1411.75,34.75,2.52%,410,45177
CUM22,05/20/2022,1377,1377,1377,1377,9.5,0.69%,60,45507
CUM22,05/19/2022,1367.5,1367.5,1367.5,1367.5,-15.5,-1.12%,688,45447
CUM22,05/18/2022,1383,1383,1383,1383,3.25,0.24%,880,45339
CUM22,05/17/2022,1379.75,1379.75,1379.75,1379.75,-45.75,-3.21%,1640,44779
CUK22,05/16/2022,1425.5,1425.5,1425.5,1425.5,0,0.00%,0,44779
CUK22,05/13/2022,1425.5,1425.5,1425.5,1425.5,-0.5,-0.04%,100,44779
CUK22,05/12/2022,1426,1426,1426,1426,-22.25,-1.54%,1180,44699
CUK22,05/11/2022,1448.25,1448.25,1448.25,1448.25,26.75,1.88%,1080,44741
CUK22,05/10/2022,1421.5,1421.5,1421.5,1421.5,-16,-1.11%,470,44661
CUK22,05/09/2022,1437.5,1437.5,1437.5,1437.5,3.25,0.23%,320,44601
CUK22,05/06/2022,1434.25,1434.25,1434.25,1434.25,-75,-4.97%,2848,49052
CUK22,05/05/2022,1509.25,1509.25,1509.25,1509.25,-79.25,-4.99%,1502,43885
CUK22,05/04/2022,1588.5,1588.5,1588.5,1588.5,0,0.00%,0,43915
CUK22,05/03/2022,1588.5,1588.5,1588.5,1588.5,0,0.00%,1500,43915
CUK22,05/02/2022,1588.5,1588.5,1588.5,1588.5,0,0.00%,0,45239
CUK22,04/29/2022,1588.5,1588.5,1588.5,1588.5,45.25,2.93%,2080,45239
CUK22,04/28/2022,1543.25,1543.25,1543.25,1543.25,-14.5,-0.93%,3080,52114
CUK22,04/27/2022,1557.75,1557.75,1557.75,1557.75,122.75,8.55%,1300,50659
CUK22,04/26/2022,1435,1435,1435,1435,40.5,2.90%,892,50219
CUK22,04/25/2022,1394.5,1394.5,1394.5,1394.5,-52.25,-3.61%,2510,50139
CUK22,04/22/2022,1446.75,1446.75,1446.75,1446.75,0.25,0.02%,2180,50169
CUK22,04/21/2022,1446.5,1446.5,1446.5,1446.5,-0.25,-0.02%,2740,48709
CUK22,04/20/2022,1446.75,1446.75,1446.75,1446.75,-18.75,-1.28%,1250,47294
CUJ22,04/19/2022,1465.5,1465.5,1465.5,1465.5,0,0.00%,0,47524
CUJ22,04/18/2022,1465.5,1465.5,1465.5,1465.5,35.5,2.48%,140,47524
CUJ22,04/14/2022,1430,1430,1430,1430,22.25,1.58%,580,47464
CUJ22,04/13/2022,1407.75,1407.75,1407.75,1407.75,-4.5,-0.32%,540,47684
CUJ22,04/12/2022,1412.25,1412.25,1412.25,1412.25,25.75,1.86%,760,47684
CUJ22,04/11/2022,1386.5,1386.5,1386.5,1386.5,11,0.80%,480,47204
CUJ22,04/08/2022,1375.5,1375.5,1375.5,1375.5,17.75,1.31%,760,47064
CUJ22,04/07/2022,1357.75,1357.75,1357.75,1357.75,-13.5,-0.98%,960,46344
CUJ22,04/06/2022,1371.25,1371.25,1371.25,1371.25,0.75,0.05%,1080,45744
CUJ22,04/05/2022,1370.5,1370.5,1370.5,1370.5,48,3.63%,924,45304
CUJ22,04/04/2022,1322.5,1322.5,1322.5,1322.5,22.75,1.75%,120,44800
CUJ22,04/01/2022,1299.75,1299.75,1299.75,1299.75,-33.5,-2.51%,864,44780
CUJ22,03/31/2022,1333.25,1333.25,1333.25,1333.25,-51.75,-3.74%,260,44624
CUJ22,03/30/2022,1385,1385,1385,1385,-18.75,-1.34%,280,49103
CUJ22,03/29/2022,1403.75,1403.75,1403.75,1403.75,7.75,0.56%,740,48823
CUJ22,03/28/2022,1396,1396,1396,1396,-5.75,-0.41%,1160,48543
CUJ22,03/25/2022,1401.75,1401.75,1401.75,1401.75,17.25,1.25%,680,48623
CUJ22,03/24/2022,1384.5,1384.5,1384.5,1384.5,-58.25,-4.04%,1170,48383
CUJ22,03/23/2022,1442.75,1442.75,1442.75,1442.75,55.25,3.98%,360,47453
CUJ22,03/22/2022,1387.5,1387.5,1387.5,1387.5,27.75,2.04%,80,47213
CUJ22,03/21/2022,1359.75,1359.75,1359.75,1359.75,27.25,2.05%,1200,47193
CUJ22,03/18/2022,1332.5,1332.5,1332.5,1332.5,-68.75,-4.91%,1290,47233
CUJ22,03/17/2022,1401.25,1401.25,1401.25,1401.25,-23.25,-1.63%,480,46883
CUJ22,03/16/2022,1424.5,1424.5,1424.5,1424.5,67,4.94%,1320,46863
CUJ22,03/15/2022,1357.5,1357.5,1357.5,1357.5,-36.5,-2.62%,1750,47983
CUJ22,03/14/2022,1394,1394,1394,1394,-54.25,-3.75%,1880,47988
CUJ22,03/11/2022,1448.25,1448.25,1448.25,1448.25,-59.75,-3.96%,3080,47648
CUJ22,03/10/2022,1508,1508,1508,1508,-50,-3.21%,580,46808
CUJ22,03/09/2022,1558,1558,1558,1558,117.5,8.16%,1380,46508
CUJ22,03/08/2022,1440.5,1440.5,1440.5,1440.5,-33.75,-2.29%,1640,46088
CUJ22,03/07/2022,1474.25,1474.25,1474.25,1474.25,48,3.37%,1900,45888
CUJ22,03/04/2022,1426.25,1426.25,1426.25,1426.25,-77.25,-5.14%,2740,44888
CUJ22,03/03/2022,1503.5,1503.5,1503.5,1503.5,57.25,3.96%,1040,43683
CUJ22,03/02/2022,1446.25,1446.25,1446.25,1446.25,-7.25,-0.50%,3500,43643
CUJ22,03/01/2022,1453.5,1453.5,1453.5,1453.5,73.5,5.33%,3880,42721
CUJ22,02/28/2022,1380,1380,1380,1380,56.5,4.27%,440,42761
CUJ22,02/25/2022,1323.5,1323.5,1323.5,1323.5,-116,-8.06%,220,48321
CUJ22,02/24/2022,1439.5,1439.5,1439.5,1439.5,92.5,6.87%,2280,48221
CUJ22,02/23/2022,1347,1347,1347,1347,26.75,2.03%,1580,46657
CUJ22,02/22/2022,1320.25,1320.25,1320.25,1320.25,58.75,4.66%,1869,46692
CUJ22,02/18/2022,1261.5,1261.5,1261.5,1261.5,12.5,1.00%,380,46852
CUJ22,02/17/2022,1249,1249,1249,1249,8.5,0.69%,1880,46592
CUJ22,02/16/2022,1240.5,1240.5,1240.5,1240.5,-5.25,-0.42%,360,46240
CUJ22,02/15/2022,1245.75,1245.75,1245.75,1245.75,-3.5,-0.28%,1200,46360
CUJ22,02/14/2022,1249.25,1249.25,1249.25,1249.25,17.25,1.40%,360,46360
CUJ22,02/11/2022,1232,1232,1232,1232,2.5,0.20%,1740,46160
CUJ22,02/10/2022,1229.5,1229.5,1229.5,1229.5,-56.5,-4.39%,310,46580
CUH22,02/09/2022,1286,1286,1286,1286,26,2.06%,460,46570
CUH22,02/08/2022,1260,1260,1260,1260,-11,-0.87%,320,46510
CUH22,02/07/2022,1271,1271,1271,1271,-8.75,-0.68%,840,46630
CUH22,02/04/2022,1279.75,1279.75,1279.75,1279.75,25,1.99%,580,46590
CUH22,02/03/2022,1254.75,1254.75,1254.75,1254.75,-58.25,-4.44%,1500,46310
CUG22,02/02/2022,1313,1313,1313,1313,0,0.00%,0,46770
CUG22,02/01/2022,1313,1313,1313,1313,0,0.00%,0,46770
CUG22,01/31/2022,1323,1313,1313,1313,-15.5,-1.17%,40,46770
CUG22,01/28/2022,1328.5,1328.5,1328.5,1328.5,54,4.24%,800,51010
CUG22,01/27/2022,1274.5,1274.5,1274.5,1274.5,24,1.92%,3200,50750
CUG22,01/26/2022,1250.5,1250.5,1250.5,1250.5,11.25,0.91%,920,49330
CUG22,01/25/2022,1239.25,1239.25,1239.25,1239.25,2.5,0.20%,200,49322
CUG22,01/24/2022,1236.75,1236.75,1236.75,1236.75,-19.5,-1.55%,320,49402
CUG22,01/21/2022,1256.25,1256.25,1256.25,1256.25,34,2.78%,480,49162
CUG22,01/20/2022,1222.25,1222.25,1222.25,1222.25,16.75,1.39%,200,49122
CUG22,01/19/2022,1205.5,1205.5,1205.5,1205.5,21.5,1.82%,2080,49022
CUG22,01/18/2022,1184,1184,1184,1184,16.75,1.43%,600,48462
CUG22,01/14/2022,1167.25,1167.25,1167.25,1167.25,-6.25,-0.53%,940,48162
CUG22,01/13/2022,1173.5,1173.5,1173.5,1173.5,33,2.89%,510,47962
CUG22,01/12/2022,1140.5,1140.5,1140.5,1140.5,-3.5,-0.31%,1510,48032
CUG22,01/11/2022,1144,1144,1144,1144,16,1.42%,2560,47062
CUG22,01/10/2022,1128,1128,1128,1128,5.75,0.51%,600,46444
CUG22,01/07/2022,1122.25,1122.25,1122.25,1122.25,5.25,0.47%,300,46284
CUG22,01/06/2022,1117,1117,1117,1117,-17,-1.50%,1680,46064
CUG22,01/05/2022,1134,1134,1134,1134,29.5,2.67%,2040,45264
CUG22,01/04/2022,1104.5,1104.5,1104.5,1104.5,5,0.45%,400,44424
CUG22,01/03/2022,1099.5,1099.5,1099.5,1099.5,34.75,3.26%,280,44424
CUG22,12/31/2021,1064.75,1064.75,1064.75,1064.75,7.75,0.73%,960,44264
CUG22,12/30/2021,1057,1057,1057,1057,-0.75,-0.07%,840,45021
CUG22,12/29/2021,1057.75,1057.75,1057.75,1057.75,-22.25,-2.06%,720,45021
CUG22,12/28/2021,1080,1080,1080,1080,39,3.75%,720,44841
CUG22,12/27/2021,1041,1041,1041,1041,30,2.97%,40,44801
CUG22,12/23/2021,1011,1011,1011,1011,9.5,0.95%,80,44841
CUG22,12/22/2021,1001.5,1001.5,1001.5,1001.5,15,1.52%,1360,44761
CUG22,12/21/2021,986.5,986.5,986.5,986.5,24,2.49%,120,44881
CUG22,12/20/2021,962.5,962.5,962.5,962.5,-26.5,-2.68%,2810,44761
CUG22,12/17/2021,989,989,989,989,-0.25,-0.03%,800,44541
CUG22,12/16/2021,989.25,989.25,989.25,989.25,36.25,3.80%,0,44201
CUG22,12/15/2021,953,953,953,953,-38,-3.83%,1910,44201
CUG22,12/14/2021,991,991,991,991,-115.25,-10.42%,2520,43871
CUZ21,12/13/2021,1106.25,1106.25,1106.25,1106.25,-1,-0.09%,0,42731
CUZ21,12/10/2021,1107.25,1107.25,1107.25,1107.25,1,0.09%,300,42731
CUZ21,12/09/2021,1106.25,1106.25,1106.25,1106.25,-9,-0.81%,80,42731
CUZ21,12/08/2021,1115.25,1115.25,1115.25,1115.25,-15.25,-1.35%,160,42651
CUZ21,12/07/2021,1130.5,1130.5,1130.5,1130.5,35.25,3.22%,320,42651
CUZ21,12/06/2021,1095.25,1095.25,1095.25,1095.25,21.25,1.98%,1200,42651
CUZ21,12/03/2021,1074,1074,1074,1074,0,0.00%,0,42471
CUZ21,12/02/2021,1074,1074,1074,1074,-13.5,-1.24%,1080,42471
CUZ21,12/01/2021,1087.5,1087.5,1087.5,1087.5,4.75,0.44%,2120,42324
CUZ21,11/30/2021,1082.75,1082.75,1082.75,1082.75,-40,-3.56%,1040,41884
CUZ21,11/29/2021,1122.75,1122.75,1122.75,1122.75,-1,-0.09%,0,43503
CUZ21,11/26/2021,1123.75,1123.75,1123.75,1123.75,-21.75,-1.90%,1940,43503
CUZ21,11/24/2021,1145.5,1145.5,1145.5,1145.5,13.5,1.19%,2280,42255
CUZ21,11/23/2021,1132,1132,1132,1132,-28.5,-2.46%,680,40443
CUZ21,11/22/2021,1160.5,1160.5,1160.5,1160.5,-7.5,-0.64%,620,41043
CUZ21,11/19/2021,1168,1168,1168,1168,-1.75,-0.15%,350,41503
CUZ21,11/18/2021,1169.75,1169.75,1169.75,1169.75,22.25,1.94%,1200,41263
CUZ21,11/17/2021,1147.5,1147.5,1147.5,1147.5,21.75,1.93%,2120,40701
CUZ21,11/16/2021,1125.75,1125.75,1125.75,1125.75,4,0.36%,120,39216
CUZ21,11/15/2021,1121.75,1121.75,1121.75,1121.75,8.75,0.79%,200,39216
CUZ21,11/12/2021,1113,1113,1113,1113,10,0.91%,240,39363
CUZ21,11/11/2021,1103,1103,1103,1103,-12.25,-1.10%,920,39323
CUZ21,11/10/2021,1115.25,1115.25,1115.25,1115.25,29,2.67%,5052,38543
CUZ21,11/09/2021,1086.25,1086.25,1086.25,1086.25,-30,-2.69%,4960,34333
CUZ21,11/08/2021,1116.25,1116.25,1116.25,1116.25,4.75,0.43%,5520,29533
CUZ21,11/05/2021,1111.5,1111.5,1111.5,1111.5,-49.5,-4.26%,1180,25348
CUZ21,11/04/2021,1161,1161,1161,1161,0,0.00%,0,24784
CUZ21,11/03/2021,1161,1161,1161,1161,19.75,1.73%,160,24784
CUZ21,11/02/2021,1141.25,1141.25,1141.25,1141.25,-3.5,-0.31%,560,24666
CUZ21,11/01/2021,1144.75,1144.75,1144.75,1144.75,-14,-1.21%,120,24182
CUZ21,10/29/2021,1158.75,1158.75,1158.75,1158.75,19.5,1.71%,1030,24142
CUZ21,10/28/2021,1139.25,1139.25,1139.25,1139.25,-39.25,-3.33%,360,25974
CUX21,10/27/2021,1178.5,1178.5,1178.5,1178.5,-14.25,-1.19%,0,25654
CUX21,10/26/2021,1192.75,1192.75,1192.75,1192.75,10.25,0.87%,120,25654
CUX21,10/25/2021,1182.5,1182.5,1182.5,1182.5,10,0.85%,560,25534
CUX21,10/22/2021,1172.5,1172.5,1172.5,1172.5,-8.5,-0.72%,3360,25374
CUX21,10/21/2021,1181,1181,1181,1181,-22.25,-1.85%,4544,23114
CUX21,10/20/2021,1203.25,1203.25,1203.25,1203.25,31,2.64%,920,21076
CUV21,10/19/2021,1172.25,1172.25,1172.25,1172.25,0,0.00%,0,20448
CUV21,10/18/2021,1172.25,1172.25,1172.25,1172.25,8.75,0.75%,920,20448
CUV21,10/15/2021,1163.5,1163.5,1163.5,1163.5,9.75,0.85%,640,20008
CUV21,10/14/2021,1153.75,1153.75,1153.75,1153.75,-18,-1.54%,680,19780
CUV21,10/13/2021,1171.75,1171.75,1171.75,1171.75,25,2.18%,1200,19100
CUV21,10/12/2021,1146.75,1146.75,1146.75,1146.75,-16,-1.38%,3000,18740
CUV21,10/11/2021,1162.75,1162.75,1162.75,1162.75,0.75,0.06%,1800,16120
CUV21,10/08/2021,1162,1162,1162,1162,21,1.84%,1840,14720
CUV21,10/07/2021,1141,1141,1141,1141,-4.75,-0.41%,1000,14140
CUV21,10/06/2021,1145.75,1145.75,1145.75,1145.75,26.75,2.39%,1180,14032
CUV21,10/05/2021,1119,1119,1119,1119,31.25,2.87%,300,14114
CUV21,10/04/2021,1087.75,1087.75,1087.75,1087.75,21,1.97%,680,14034
CUV21,10/01/2021,1066.75,1066.75,1066.75,1066.75,-18.25,-1.68%,1610,13874
CUV21,09/30/2021,1085,1085,1085,1085,35.5,3.38%,730,13874
CUV21,09/29/2021,1049.5,1049.5,1049.5,1049.5,1,0.10%,1566,14967
CUV21,09/28/2021,1048.5,1048.5,1048.5,1048.5,12.5,1.21%,1120,14877
CUV21,09/27/2021,1036,1036,1036,1036,-11,-1.05%,1020,14475
CUV21,09/24/2021,1047,1047,1047,1047,-2.5,-0.24%,1660,14215
CUV21,09/23/2021,1049.5,1049.5,1049.5,1049.5,30,2.94%,413,13615
CUV21,09/22/2021,1019.5,1019.5,1019.5,1019.5,30.75,3.11%,1420,13715
CUV21,09/21/2021,988.75,988.75,988.75,988.75,5.5,0.56%,1440,13415
CUV21,09/20/2021,983.25,983.25,983.25,983.25,-24.5,-2.43%,1200,12255
CUV21,09/17/2021,1007.75,1007.75,1007.75,1007.75,-20,-1.95%,880,12158
CUV21,09/16/2021,1027.75,1027.75,1027.75,1027.75,0,0.00%,756,11718
CUV21,09/15/2021,1027.75,1027.75,1027.75,1027.75,28.75,2.88%,756,11718
CUV21,09/14/2021,999,999,999,999,-7,-0.70%,1423,11310
CUV21,09/13/2021,1006,1006,1006,1006,7.25,0.73%,1020,10990
CUV21,09/10/2021,998.75,998.75,998.75,998.75,-24.5,-2.39%,410,10447
CUV21,09/09/2021,1023.25,1023.25,1023.25,1023.25,-17.5,-1.68%,20,10307
CUV21,09/08/2021,1040.75,1040.75,1040.75,1040.75,18.25,1.78%,220,10307
CUV21,09/07/2021,1022.5,1022.5,1022.5,1022.5,20.75,2.07%,830,10507
CUV21,09/03/2021,1001.75,1001.75,1001.75,1001.75,15.25,1.55%,200,10937
CUV21,09/02/2021,986.5,986.5,986.5,986.5,16,1.65%,2240,10897
CUV21,09/01/2021,970.5,970.5,970.5,970.5,-21.75,-2.19%,468,10446
CUV21,08/31/2021,992.25,992.25,992.25,992.25,-19.75,-1.95%,80,10594
CUU21,08/30/2021,1012,1012,1012,1012,-10.5,-1.03%,160,11353
CUU21,08/27/2021,1022.5,1022.5,1022.5,1022.5,-11,-1.06%,240,11273
CUU21,08/26/2021,1033.5,1033.5,1033.5,1033.5,7.25,0.71%,558,11137
CUU21,08/25/2021,1026.25,1026.25,1026.25,1026.25,19.25,1.91%,134,10937
CUU21,08/24/2021,1007,1007,1007,1007,-5.25,-0.52%,80,10857
CUU21,08/23/2021,1012.25,1012.25,1012.25,1012.25,17.5,1.76%,640,10857
CUU21,08/20/2021,994.75,994.75,994.75,994.75,6,0.61%,152,10810
CUU21,08/19/2021,988.75,988.75,988.75,988.75,-15.25,-1.52%,596,10842
CUU21,08/18/2021,1004,1004,1004,1004,-23.5,-2.29%,160,10490
CUU21,08/17/2021,1027.5,1027.5,1027.5,1027.5,-7.75,-0.75%,480,10410
CUU21,08/16/2021,1035.25,1035.25,1035.25,1035.25,7.25,0.71%,200,10310
CUU21,08/13/2021,1028,1028,1028,1028,7,0.69%,40,10310
CUU21,08/12/2021,1021,1021,1021,1021,-0.25,-0.02%,517,10270
CUU21,08/11/2021,1021.25,1021.25,1021.25,1021.25,40,4.08%,200,10667
CUQ21,08/10/2021,981.25,981.25,981.25,981.25,0,0.00%,0,10467
CUQ21,08/09/2021,981.25,981.25,981.25,981.25,-12.5,-1.26%,40,10467
CUQ21,08/06/2021,993.75,993.75,993.75,993.75,14.25,1.45%,0,10427
CUQ21,08/05/2021,979.5,979.5,979.5,979.5,-12.5,-1.26%,0,10427
CUQ21,08/04/2021,992,992,992,992,29.75,3.09%,0,10427
CUQ21,08/03/2021,962.25,962.25,962.25,962.25,4.25,0.44%,0,10427
CUQ21,08/02/2021,958,958,958,958,-57,-5.62%,40,10427
CUQ21,07/30/2021,1015,1015,1015,1015,-12,-1.17%,240,10387
CUQ21,07/29/2021,1027,1027,1027,1027,28.25,2.83%,800,10757
CUQ21,07/28/2021,998.75,998.75,998.75,998.75,-28,-2.73%,155,10691
CUQ21,07/27/2021,1026.75,1026.75,1026.75,1026.75,9.25,0.91%,80,10631
CUQ21,07/26/2021,1017.5,1017.5,1017.5,1017.5,26.25,2.65%,400,10571
CUQ21,07/23/2021,991.25,991.25,991.25,991.25,33.75,3.52%,40,10255
CUQ21,07/22/2021,957.5,957.5,957.5,957.5,-10.25,-1.06%,40,10215
CUQ21,07/21/2021,967.75,967.75,967.75,967.75,11.75,1.23%,360,10175
CUN21,07/20/2021,956,956,956,956,0,0.00%,0,9975
CUN21,07/19/2021,956,956,956,956,-0.25,-0.03%,480,9975
CUN21,07/16/2021,956.25,956.25,956.25,956.25,2.5,0.26%,480,9795
CUN21,07/15/2021,953.75,953.75,953.75,953.75,19.25,2.06%,30,9715
CUN21,07/14/2021,934.5,934.5,934.5,934.5,5.5,0.59%,80,9715
CUN21,07/13/2021,929,929,929,929,15.5,1.70%,496,9635
CUN21,07/12/2021,913.5,913.5,913.5,913.5,-1.75,-0.19%,0,9562
CUN21,07/09/2021,915.25,915.25,915.25,915.25,17.25,1.92%,116,9562
CUN21,07/08/2021,898,898,898,898,-7.75,-0.86%,0,9482
CUN21,07/07/2021,905.75,905.75,905.75,905.75,-11.5,-1.25%,202,9482
CUN21,07/06/2021,917.25,917.25,917.25,917.25,16.75,1.86%,240,9442
CUN21,07/02/2021,900.5,900.5,900.5,900.5,17.75,2.01%,340,9442
CUN21,07/01/2021,882.75,882.75,882.75,882.75,27.75,3.25%,40,9402
CUN21,06/30/2021,855,855,855,855,9,1.06%,162,9362
CUN21,06/29/2021,846,846,846,846,8,0.95%,420,10524
CUN21,06/28/2021,838,838,838,838,-2.25,-0.27%,0,10684
CUN21,06/25/2021,840.25,840.25,840.25,840.25,23.25,2.85%,72,10684
CUN21,06/24/2021,817,817,817,817,-6.75,-0.82%,100,10684
CUN21,06/23/2021,823.75,823.75,823.75,823.75,-52,-5.94%,60,10584
CUM21,06/22/2021,875.75,875.75,875.75,875.75,0,0.00%,0,10584
CUM21,06/21/2021,875.75,875.75,875.75,875.75,-3.5,-0.40%,80,10704
CUM21,06/18/2021,879.25,879.25,879.25,879.25,4.25,0.49%,1016,10664
CUM21,06/17/2021,875,875,875,875,-4.75,-0.54%,1120,10463
CUM21,06/16/2021,879.75,879.75,879.75,879.75,-18,-2.01%,120,10519
CUM21,06/15/2021,897.75,897.75,897.75,897.75,24.5,2.81%,667,10456
CUM21,06/14/2021,873.25,873.25,873.25,873.25,-39.25,-4.30%,640,10273
CUM21,06/11/2021,912.5,912.5,912.5,912.5,-28,-2.98%,40,10113
CUM21,06/10/2021,940.5,940.5,940.5,940.5,-4.5,-0.48%,0,10073
CUM21,06/09/2021,945,945,945,945,-31.5,-3.23%,80,10073
CUM21,06/08/2021,976.5,976.5,976.5,976.5,-12.5,-1.26%,170,10073
CUM21,06/07/2021,989,989,989,989,0,0.00%,0,9983
CUM21,06/04/2021,989,989,989,989,-6,-0.60%,267,9983
CUM21,06/03/2021,995,995,995,995,12.5,1.27%,160,9816
CUM21,06/02/2021,982.5,982.5,982.5,982.5,46.25,4.94%,280,9776
CUM21,06/01/2021,936.25,936.25,936.25,936.25,-19,-1.99%,752,9496
CUM21,05/28/2021,955.25,955.25,955.25,955.25,25,2.69%,60,9131
CUM21,05/27/2021,930.25,930.25,930.25,930.25,-26.5,-2.77%,450,9699
CUM21,05/26/2021,956.75,956.75,956.75,956.75,0,0.00%,0,9619
CUM21,05/25/2021,956.75,956.75,956.75,956.75,32.25,3.49%,0,9619
CUM21,05/24/2021,924.5,924.5,924.5,924.5,-22,-2.32%,580,9619
CUM21,05/21/2021,946.5,946.5,946.5,946.5,-27.75,-2.85%,1000,9639
CUM21,05/20/2021,974.25,974.25,974.25,974.25,-46.5,-4.56%,102,9279
CUM21,05/19/2021,1020.75,1020.75,1020.75,1020.75,-37.5,-3.54%,160,9199
CUM21,05/18/2021,1058.25,1058.25,1058.25,1058.25,52.5,5.22%,524,9159
CUM21,05/17/2021,1005.75,1005.75,1005.75,1005.75,-30.25,-2.92%,600,8719
CUK21,05/14/2021,1036,1036,1036,1036,0,0.00%,0,8559
CUK21,05/13/2021,1036,1036,1036,1036,0,0.00%,0,8559
CUK21,05/12/2021,1036,1036,1036,1036,22,2.17%,0,8559
CUK21,05/11/2021,1014,1014,1014,1014,-5.25,-0.52%,22,8559
CUK21,05/10/2021,1019.25,1019.25,1019.25,1019.25,-9.75,-0.95%,120,8581
CUK21,05/07/2021,1029,1029,1029,1029,37.75,3.81%,0,8701
CUK21,05/06/2021,991.25,991.25,991.25,991.25,34.75,3.63%,1000,8701
CUK21,05/05/2021,956.5,956.5,956.5,956.5,-2.25,-0.23%,0,8146
CUK21,05/04/2021,958.75,958.75,958.75,958.75,-4,-0.42%,40,8146
CUK21,05/03/2021,962.75,962.75,962.75,962.75,51.75,5.68%,140,8106
CUK21,04/30/2021,911,911,911,911,-30.25,-3.21%,130,8006
CUK21,04/29/2021,941.25,941.25,941.25,941.25,0,0.00%,0,8350
CUK21,04/28/2021,941.25,941.25,941.25,941.25,-31,-3.19%,180,8350
CUK21,04/27/2021,972.25,972.25,972.25,972.25,39.5,4.23%,360,8450
CUK21,04/26/2021,932.75,932.75,932.75,932.75,-5,-0.53%,160,8430
CUK21,04/23/2021,937.75,937.75,937.75,937.75,-14.5,-1.52%,590,8550
CUK21,04/22/2021,952.25,952.25,952.25,952.25,25.25,2.72%,100,8386
CUK21,04/21/2021,927,927,927,927,18,1.98%,385,8286
CUK21,04/20/2021,909,909,909,909,23.75,2.68%,240,8461
CUK21,04/19/2021,885.25,885.25,885.25,885.25,1.5,0.17%,80,8501
CUK21,04/16/2021,883.75,883.75,883.75,883.75,31,3.64%,440,8541
CUK21,04/15/2021,852.75,852.75,852.75,852.75,16.75,2.00%,34,8581
CUK21,04/14/2021,836,836,836,836,-43.25,-4.92%,40,8615
CUJ21,04/13/2021,879.25,879.25,879.25,879.25,11.25,1.30%,0,8655
CUJ21,04/12/2021,868,868,868,868,-18.75,-2.11%,120,8655
CUJ21,04/09/2021,886.75,886.75,886.75,886.75,-6.5,-0.73%,440,8775
CUJ21,04/08/2021,893.25,893.25,893.25,893.25,-13.5,-1.49%,0,8525
CUJ21,04/07/2021,906.75,906.75,906.75,906.75,9,1.00%,0,8525
CUJ21,04/06/2021,897.75,897.75,897.75,897.75,14.5,1.64%,105,8525
CUJ21,04/05/2021,883.25,883.25,883.25,883.25,0.25,0.03%,0,8595
CUJ21,04/01/2021,883,883,883,883,28.75,3.37%,485,8595
CUJ21,03/31/2021,854.25,854.25,854.25,854.25,10.25,1.21%,505,8545
CUJ21,03/30/2021,844,844,844,844,-42.25,-4.77%,1682,9147
CUJ21,03/29/2021,886.25,886.25,886.25,886.25,12.75,1.46%,120,8126
CUJ21,03/26/2021,873.5,873.5,873.5,873.5,-47,-5.11%,496,8086
CUJ21,03/25/2021,920.5,920.5,920.5,920.5,-13.5,-1.45%,532,8122
CUJ21,03/24/2021,934,934,934,934,-1.75,-0.19%,480,7998
CUJ21,03/23/2021,935.75,935.75,935.75,935.75,18.25,1.99%,135,7758
CUJ21,03/22/2021,917.5,917.5,917.5,917.5,26.75,3.00%,80,7848
CUJ21,03/19/2021,890.75,890.75,890.75,890.75,-18.75,-2.06%,490,7848
CUJ21,03/18/2021,909.5,909.5,909.5,909.5,-31.25,-3.32%,1000,7538
CUJ21,03/17/2021,940.75,940.75,940.75,940.75,7,0.75%,652,6758
CUJ21,03/16/2021,933.75,933.75,933.75,933.75,-29.25,-3.04%,930,6498
CUJ21,03/15/2021,963,963,963,963,9.25,0.97%,860,6330
CUJ21,03/12/2021,953.75,953.75,953.75,953.75,17,1.81%,960,6180
CUJ21,03/11/2021,936.75,936.75,936.75,936.75,20.75,2.27%,400,5758
CUJ21,03/10/2021,916,916,916,916,13.25,1.47%,0,5758
CUJ21,03/09/2021,902.75,902.75,902.75,902.75,11.5,1.29%,180,5758
CUJ21,03/08/2021,891.25,891.25,891.25,891.25,-7.5,-0.83%,280,5788
CUH21,03/05/2021,898.75,898.75,898.75,898.75,-1,-0.11%,86,5518
CUH21,03/04/2021,899.75,899.75,899.75,899.75,9.25,1.04%,0,5548
CUH21,03/03/2021,890.5,890.5,890.5,890.5,8.75,0.99%,0,5548
CUH21,03/02/2021,881.75,881.75,881.75,881.75,-9.75,-1.09%,160,5548
CUH21,03/01/2021,891.5,891.5,891.5,891.5,-13.75,-1.52%,520,5708
CUH21,02/26/2021,905.25,905.25,905.25,905.25,-13,-1.42%,120,5670
CUH21,02/25/2021,918.25,918.25,918.25,918.25,33.5,3.79%,248,6350
CUH21,02/24/2021,884.75,884.75,884.75,884.75,-2,-0.23%,64,6368
CUH21,02/23/2021,886.75,886.75,886.75,886.75,29,3.38%,232,6304
CUH21,02/22/2021,857.75,857.75,857.75,857.75,3.25,0.38%,0,6304
CUH21,02/19/2021,854.5,854.5,854.5,854.5,10.25,1.21%,130,6304
CUH21,02/18/2021,844.25,844.25,844.25,844.25,-33.75,-3.84%,280,6194
CUH21,02/17/2021,878,878,878,878,22.75,2.66%,480,6204
CUH21,02/16/2021,855.25,855.25,855.25,855.25,16,1.91%,460,6564
CUG21,02/12/2021,839.25,839.25,839.25,839.25,0,0.00%,0,6902
CUG21,02/11/2021,839.25,839.25,839.25,839.25,-12,-1.41%,0,6902
CUG21,02/10/2021,851.25,851.25,851.25,851.25,10.25,1.22%,0,6902
CUG21,02/09/2021,841,841,841,841,22.75,2.78%,1530,6902
CUG21,02/08/2021,818.25,818.25,818.25,818.25,11,1.36%,40,5512
CUG21,02/05/2021,807.25,807.25,807.25,807.25,5.75,0.72%,40,5472
CUG21,02/04/2021,801.5,801.5,801.5,801.5,14.75,1.87%,0,5432
CUG21,02/03/2021,786.75,786.75,786.75,786.75,-36.5,-4.43%,60,5432
CUG21,02/02/2021,823.25,823.25,823.25,823.25,-22.5,-2.66%,0,5372
CUG21,02/01/2021,845.75,845.75,845.75,845.75,1.25,0.15%,0,5372
CUG21,01/29/2021,844.5,844.5,844.5,844.5,21.25,2.58%,50,5372
CUG21,01/28/2021,823.25,823.25,823.25,823.25,0,0.00%,0,5932
CUG21,01/27/2021,823.25,823.25,823.25,823.25,29.25,3.68%,190,5932
CUG21,01/26/2021,794,794,794,794,5.5,0.70%,0,6062
CUG21,01/25/2021,788.5,788.5,788.5,788.5,-12.5,-1.56%,200,6062
CUG21,01/22/2021,801,801,801,801,-4.5,-0.56%,360,5986
CUG21,01/21/2021,805.5,805.5,805.5,805.5,16,2.03%,80,6146
CUG21,01/20/2021,789.5,789.5,789.5,789.5,-8.75,-1.10%,252,6176
CUG21,01/19/2021,798.25,798.25,798.25,798.25,-13.5,-1.66%,130,6176
CUG21,01/15/2021,811.75,811.75,811.75,811.75,-75,-8.46%,520,6176
CUF21,01/14/2021,886.75,886.75,886.75,886.75,-21.5,-2.37%,0,6100
CUF21,01/13/2021,908.25,908.25,908.25,908.25,2.25,0.25%,0,6100
CUF21,01/12/2021,906,906,906,906,-21.25,-2.29%,0,6100
CUF21,01/11/2021,927.25,927.25,927.25,927.25,-5.25,-0.56%,0,6100
CUF21,01/08/2021,932.5,932.5,932.5,932.5,-1.5,-0.16%,0,6100
CUF21,01/07/2021,934,934,934,934,-11.25,-1.19%,0,6100
CUF21,01/06/2021,945.25,945.25,945.25,945.25,25.75,2.80%,40,6100
CUF21,01/05/2021,919.5,919.5,919.5,919.5,4.5,0.49%,100,6060
CUF21,01/04/2021,915,915,915,915,37.75,4.30%,0,6060
CUF21,12/31/2020,877.25,877.25,877.25,877.25,6.5,0.75%,0,6060
CUF21,12/30/2020,870.75,870.75,870.75,870.75,22.25,2.62%,0,6600
CUF21,12/29/2020,848.5,848.5,848.5,848.5,-8,-0.93%,0,6600
CUF21,12/28/2020,856.5,856.5,856.5,856.5,9.5,1.12%,480,6600
CUZ20,12/24/2020,847,847,847,847,2.25,0.27%,0,7080
CUZ20,12/23/2020,844.75,844.75,844.75,844.75,7.75,0.93%,368,7080
CUZ20,12/22/2020,837,837,837,837,-0.25,-0.03%,132,6912
CUZ20,12/21/2020,837.25,837.25,837.25,837.25,-3.75,-0.45%,300,6780
CUZ20,12/18/2020,841,841,841,841,7,0.84%,160,6500
CUZ20,12/17/2020,834,834,834,834,2.25,0.27%,120,6460
CUZ20,12/16/2020,831.75,831.75,831.75,831.75,2.5,0.30%,893,6420
CUZ20,12/15/2020,829.25,829.25,829.25,829.25,-2.25,-0.27%,0,6940
CUZ20,12/14/2020,831.5,831.5,831.5,831.5,8.25,1.00%,120,6940
CUZ20,12/11/2020,823.25,823.25,823.25,823.25,1.75,0.21%,0,6883
CUZ20,12/10/2020,821.5,821.5,821.5,821.5,8,0.98%,0,6883
CUZ20,12/09/2020,813.5,813.5,813.5,813.5,-0.75,-0.09%,0,6883
CUZ20,12/08/2020,814.25,814.25,814.25,814.25,-4.5,-0.55%,218,6883
CUZ20,12/07/2020,818.75,818.75,818.75,818.75,-10.75,-1.30%,600,6665
CUZ20,12/04/2020,829.5,829.5,829.5,829.5,22.5,2.79%,90,6265
CUZ20,12/03/2020,807,807,807,807,1.75,0.22%,308,6175
CUZ20,12/02/2020,805.25,805.25,805.25,805.25,-7.5,-0.92%,0,5877
CUZ20,12/01/2020,812.75,812.75,812.75,812.75,8.5,1.06%,320,5877
CUZ20,11/30/2020,804.25,804.25,804.25,804.25,-7.5,-0.92%,360,6037
CUZ20,11/27/2020,811.75,811.75,811.75,811.75,15.75,1.98%,10,6777
CUZ20,11/25/2020,796,796,796,796,9.5,1.21%,0,6767
CUZ20,11/24/2020,786.5,786.5,786.5,786.5,-18.75,-2.33%,0,6767
CUZ20,11/23/2020,805.25,805.25,805.25,805.25,11.5,1.45%,281,6767
CUZ20,11/20/2020,793.75,793.75,793.75,793.75,-12.75,-1.58%,200,6925
CUZ20,11/19/2020,806.5,806.5,806.5,806.5,-5.5,-0.68%,80,7125
CUZ20,11/18/2020,812,812,812,812,23.25,2.95%,80,7085
CUZ20,11/17/2020,788.75,788.75,788.75,788.75,1.5,0.19%,140,7045
CUZ20,11/16/2020,787.25,787.25,787.25,787.25,-0.75,-0.10%,80,7005
CUX20,11/13/2020,788,788,788,788,-1,-0.13%,0,6965
CUX20,11/12/2020,789,789,789,789,4.75,0.61%,220,6965
CUX20,11/11/2020,784.25,784.25,784.25,784.25,14.75,1.92%,1080,6905
CUX20,11/10/2020,769.5,769.5,769.5,769.5,6.25,0.82%,310,6455
CUX20,11/09/2020,763.25,763.25,763.25,763.25,11,1.46%,0,6215
CUX20,11/06/2020,752.25,752.25,752.25,752.25,-1.75,-0.23%,0,6215
CUX20,11/05/2020,754,754,754,754,24.75,3.39%,0,6215
CUX20,11/04/2020,729.25,729.25,729.25,729.25,3,0.41%,0,6215
CUX20,11/03/2020,726.25,726.25,726.25,726.25,19.25,2.72%,0,6215
CUX20,11/02/2020,707,707,707,707,-5.25,-0.74%,0,6215
CUX20,10/30/2020,712.25,712.25,712.25,712.25,-10.25,-1.42%,593,6215
CUX20,10/29/2020,722.5,722.5,722.5,722.5,0,0.00%,0,6783
CUX20,10/28/2020,722.5,722.5,722.5,722.5,-1,-0.14%,0,6783
CUX20,10/27/2020,723.5,723.5,723.5,723.5,-3,-0.41%,80,6783
CUX20,10/26/2020,726.5,726.5,726.5,726.5,26,3.71%,0,6736
CUX20,10/23/2020,700.5,700.5,700.5,700.5,-1.5,-0.21%,128,6736
CUX20,10/22/2020,702,702,702,702,10.25,1.48%,80,6608
CUX20,10/21/2020,691.75,691.75,691.75,691.75,6.75,0.99%,80,6575
CUX20,10/20/2020,685,685,685,685,20.75,3.12%,80,6575
CUX20,10/19/2020,664.25,664.25,664.25,664.25,-21.5,-3.14%,80,6575
CUX20,10/16/2020,685.75,685.75,685.75,685.75,1.25,0.18%,40,6575
CUX20,10/15/2020,684.5,684.5,684.5,684.5,-17.75,-2.53%,80,6575
CUX20,10/14/2020,702.25,702.25,702.25,702.25,-6,-0.85%,120,6655
CUX20,10/13/2020,708.25,708.25,708.25,708.25,2,0.28%,256,6695
CUX20,10/12/2020,706.25,706.25,706.25,706.25,19.5,2.84%,705,6767
CUX20,10/09/2020,686.75,686.75,686.75,686.75,3.75,0.55%,730,6632
CUX20,10/08/2020,683,683,683,683,5.75,0.85%,200,7242
CUX20,10/07/2020,677.25,677.25,677.25,677.25,9.5,1.42%,50,7242
CUX20,10/06/2020,667.75,667.75,667.75,667.75,23.25,3.61%,148,7232
CUX20,10/05/2020,644.5,644.5,644.5,644.5,4.5,0.70%,40,7220
CUX20,10/02/2020,640,640,640,640,-18.75,-2.85%,40,7220
CUX20,10/01/2020,658.75,658.75,658.75,658.75,16.75,2.61%,120,7180
CUX20,09/30/2020,642,642,642,642,-20.25,-3.06%,80,7180
CUV20,09/29/2020,662.25,662.25,662.25,662.25,-10.5,-1.56%,0,8916
CUV20,09/28/2020,672.75,672.75,672.75,672.75,-0.5,-0.07%,0,8916
CUV20,09/25/2020,673.25,673.25,673.25,673.25,16,2.43%,314,8916
CUV20,09/24/2020,657.25,657.25,657.25,657.25,-27.75,-4.05%,364,8916
CUV20,09/23/2020,685,685,685,685,-26.75,-3.76%,540,8572
CUV20,09/22/2020,711.75,711.75,711.75,711.75,-13.75,-1.90%,1160,8152
CUV20,09/21/2020,725.5,725.5,725.5,725.5,-17.25,-2.32%,114,7132
CUV20,09/18/2020,742.75,742.75,742.75,742.75,26.5,3.70%,360,7198
CUV20,09/17/2020,716.25,716.25,716.25,716.25,22.75,3.28%,80,7518
CUU20,09/16/2020,693.5,693.5,693.5,693.5,0,0.00%,0,7558
CUU20,09/15/2020,693.5,693.5,693.5,693.5,7,1.02%,240,7558
CUU20,09/14/2020,686.5,686.5,686.5,686.5,12.5,1.85%,669,7398
CUU20,09/11/2020,674,674,674,674,0.5,0.07%,0,6937
CUU20,09/10/2020,673.5,673.5,673.5,673.5,0.75,0.11%,0,6937
CUU20,09/09/2020,672.75,672.75,672.75,672.75,-10.75,-1.57%,0,6937
CUU20,09/08/2020,683.5,683.5,683.5,683.5,4.5,0.66%,0,6937
CUU20,09/04/2020,679,679,679,679,-12.5,-1.81%,0,6937
CUU20,09/03/2020,691.5,691.5,691.5,691.5,17.75,2.63%,480,6937
CUU20,09/02/2020,673.75,673.75,673.75,673.75,6,0.90%,280,6767
CUU20,09/01/2020,667.75,667.75,667.75,667.75,14,2.14%,40,6487
CUU20,08/31/2020,653.75,653.75,653.75,653.75,0,0.00%,0,6527
CUU20,08/28/2020,653.75,653.75,653.75,653.75,14.5,2.27%,70,7443
CUU20,08/27/2020,639.25,639.25,639.25,639.25,8.75,1.39%,520,7403
CUU20,08/26/2020,630.5,630.5,630.5,630.5,6.25,1.00%,40,7043
CUU20,08/25/2020,624.25,624.25,624.25,624.25,-11,-1.73%,80,7003
CUU20,08/24/2020,635.25,635.25,635.25,635.25,-2.5,-0.39%,80,6963
CUU20,08/21/2020,637.75,637.75,637.75,637.75,-11.75,-1.81%,80,6923
CUQ20,08/20/2020,649.5,649.5,649.5,649.5,0,0.00%,0,6883
CUQ20,08/19/2020,649.5,649.5,649.5,649.5,2.75,0.43%,347,6883
CUQ20,08/18/2020,646.75,646.75,646.75,646.75,3.25,0.51%,340,6853
CUQ20,08/17/2020,643.5,643.5,643.5,643.5,4.5,0.70%,134,6563
CUQ20,08/14/2020,639,639,639,639,-3.75,-0.58%,0,6612
CUQ20,08/13/2020,642.75,642.75,642.75,642.75,5,0.78%,0,6612
CUQ20,08/12/2020,637.75,637.75,637.75,637.75,6.25,0.99%,250,6612
CUQ20,08/11/2020,631.5,631.5,631.5,631.5,-11,-1.71%,0,6452
CUQ20,08/10/2020,642.5,642.5,642.5,642.5,-9.25,-1.42%,0,6452
CUQ20,08/07/2020,651.75,651.75,651.75,651.75,-1.5,-0.23%,0,6452
CUQ20,08/06/2020,653.25,653.25,653.25,653.25,11.25,1.75%,0,6452
CUQ20,08/05/2020,642,642,642,642,-8.5,-1.31%,20,6452
CUQ20,08/04/2020,650.5,650.5,650.5,650.5,10.5,1.64%,400,6452
CUQ20,08/03/2020,640,640,640,640,13.5,2.15%,40,6052
CUQ20,07/31/2020,626.5,626.5,626.5,626.5,0,0.00%,0,6052
CUQ20,07/30/2020,626.5,626.5,626.5,626.5,7,1.13%,400,6592
CUQ20,07/29/2020,619.5,619.5,619.5,619.5,10.75,1.77%,0,6512
CUQ20,07/28/2020,608.75,608.75,608.75,608.75,-12.5,-2.01%,400,6512
CUQ20,07/27/2020,621.25,621.25,621.25,621.25,-22.5,-3.50%,120,6392
CUQ20,07/24/2020,643.75,643.75,643.75,643.75,12.75,2.02%,480,6492
CUQ20,07/23/2020,631,631,631,631,10.5,1.69%,703,6522
CUQ20,07/22/2020,620.5,620.5,620.5,620.5,4,0.65%,415,6488
CUQ20,07/21/2020,616.5,616.5,616.5,616.5,-4.75,-0.76%,40,6514
CUQ20,07/20/2020,621.25,621.25,621.25,621.25,34.25,5.83%,40,6474
CUN20,07/17/2020,587,587,587,587,9.75,1.69%,0,6434
CUN20,07/16/2020,577.25,577.25,577.25,577.25,-1.25,-0.22%,130,6434
CUN20,07/15/2020,578.5,578.5,578.5,578.5,7.5,1.31%,131,6564
CUN20,07/14/2020,571,571,571,571,9.25,1.65%,0,6695
CUN20,07/13/2020,561.75,561.75,561.75,561.75,3.5,0.63%,0,6695
CUN20,07/10/2020,558.25,558.25,558.25,558.25,0.5,0.09%,0,6695
CUN20,07/09/2020,557.75,557.75,557.75,557.75,0,0.00%,0,6695
CUN20,07/08/2020,557.75,557.75,557.75,557.75,7,1.27%,0,6695
CUN20,07/07/2020,550.75,550.75,550.75,550.75,-5,-0.90%,0,6695
CUN20,07/06/2020,555.75,555.75,555.75,555.75,6.5,1.18%,20,6695
CUN20,07/02/2020,549.25,549.25,549.25,549.25,7.5,1.38%,360,6675
CUN20,07/01/2020,541.75,541.75,541.75,541.75,7,1.31%,0,7035
CUN20,06/30/2020,534.75,534.75,534.75,534.75,-9,-1.66%,120,7035
CUN20,06/29/2020,543.75,543.75,543.75,543.75,-7.25,-1.32%,763,7545
CUN20,06/26/2020,551,551,551,551,-6,-1.08%,57,7137
CUN20,06/25/2020,557,557,557,557,-10.75,-1.89%,0,7137
CUN20,06/24/2020,567.75,567.75,567.75,567.75,7.5,1.34%,134,7137
CUM20,06/23/2020,560.25,560.25,560.25,560.25,1.5,0.27%,0,7271
CUM20,06/22/2020,558.75,558.75,558.75,558.75,-2,-0.36%,0,7271
CUM20,06/19/2020,560.75,560.75,560.75,560.75,9.25,1.68%,0,7271
CUM20,06/18/2020,551.5,551.5,551.5,551.5,0.5,0.09%,40,7271
CUM20,06/17/2020,551,551,551,551,0,0.00%,111,7311
CUM20,06/16/2020,551,551,551,551,8.5,1.57%,720,7350
CUM20,06/15/2020,542.5,542.5,542.5,542.5,-6.5,-1.18%,300,6630
CUM20,06/12/2020,549,549,549,549,-3.5,-0.63%,0,6330
CUM20,06/11/2020,552.5,552.5,552.5,552.5,4.5,0.82%,0,6330
CUM20,06/10/2020,548,548,548,548,-8,-1.44%,120,6330
CUM20,06/09/2020,556,556,556,556,7.5,1.37%,0,6210
CUM20,06/08/2020,548.5,548.5,548.5,548.5,0,0.00%,0,6210
CUM20,06/05/2020,548.5,548.5,548.5,548.5,5,0.92%,0,6210
CUM20,06/04/2020,543.5,543.5,543.5,543.5,-15.5,-2.77%,20,6210
CUM20,06/03/2020,559,559,559,559,16,2.95%,0,6208
CUM20,06/02/2020,543,543,543,543,15.25,2.89%,0,6208
CUM20,06/01/2020,527.75,527.75,527.75,527.75,0.75,0.14%,0,6208
CUM20,05/29/2020,527,527,527,527,7.25,1.39%,0,6208
CUM20,05/28/2020,519.75,519.75,519.75,519.75,-4.75,-0.91%,360,7173
CUM20,05/27/2020,524.5,524.5,524.5,524.5,27.25,5.48%,0,7173
CUM20,05/26/2020,497.25,497.25,497.25,497.25,0,0.00%,0,7173
CUM20,05/22/2020,497.25,497.25,497.25,497.25,13.5,2.79%,163,7173
CUK20,05/21/2020,483.75,483.75,483.75,483.75,3.5,0.73%,0,7053
CUK20,05/20/2020,480.25,480.25,480.25,480.25,-2.25,-0.47%,0,7053
CUK20,05/19/2020,482.5,482.5,482.5,482.5,4.5,0.94%,768,7053
CUK20,05/18/2020,478,478,478,478,5.5,1.16%,0,6513
CUK20,05/15/2020,472.5,472.5,472.5,472.5,7.25,1.56%,139,6513
CUK20,05/14/2020,465.25,465.25,465.25,465.25,-0.25,-0.05%,0,6547
CUK20,05/13/2020,465.5,465.5,465.5,465.5,6,1.31%,0,6547
CUK20,05/12/2020,459.5,459.5,459.5,459.5,-7.5,-1.61%,0,6547
CUK20,05/11/2020,467,467,467,467,0,0.00%,0,6547
CUK20,05/08/2020,467,467,467,467,14.5,3.20%,240,6547
CUK20,05/07/2020,452.5,452.5,452.5,452.5,0,0.00%,0,6547
CUK20,05/06/2020,452.5,452.5,452.5,452.5,-5,-1.09%,60,6547
CUK20,05/05/2020,457.5,457.5,457.5,457.5,1,0.22%,60,6487
CUK20,05/04/2020,456.5,456.5,456.5,456.5,-24.5,-5.09%,118,6547
CUK20,05/01/2020,481,481,481,481,0,0.00%,0,6487
CUK20,04/30/2020,481,481,481,481,14,3.00%,0,6487
CUK20,04/29/2020,467,467,467,467,4,0.86%,340,7257
CUK20,04/28/2020,463,463,463,463,0.5,0.11%,100,7349
CUK20,04/27/2020,462.5,462.5,462.5,462.5,-13.75,-2.89%,300,7443
CUK20,04/24/2020,476.25,476.25,476.25,476.25,-9,-1.85%,760,7143
CUK20,04/23/2020,485.25,485.25,485.25,485.25,11.25,2.37%,120,6743
CUK20,04/22/2020,474,474,474,474,7.25,1.55%,80,6863
CUK20,04/21/2020,466.75,466.75,466.75,466.75,-39,-7.71%,120,6823
CUK20,04/20/2020,505.75,505.75,505.75,505.75,-2.25,-0.44%,360,6703
CUK20,04/17/2020,508,508,508,508,-8,-1.55%,132,6603
CUJ20,04/16/2020,516,516,516,516,-6.25,-1.20%,0,6663
CUJ20,04/15/2020,522.25,522.25,522.25,522.25,0.25,0.05%,60,6663
CUJ20,04/14/2020,522,522,522,522,0.25,0.05%,0,6663
CUJ20,04/13/2020,521.75,521.75,521.75,521.75,-5.25,-1.00%,149,6663
CUJ20,04/09/2020,527,527,527,527,-7.75,-1.45%,0,6663
CUJ20,04/08/2020,534.75,534.75,534.75,534.75,7.75,1.47%,186,6663
CUJ20,04/07/2020,527,527,527,527,14.5,2.83%,120,6663
CUJ20,04/06/2020,512.5,512.5,512.5,512.5,-1.5,-0.29%,0,6749
CUJ20,04/03/2020,514,514,514,514,-9.75,-1.86%,0,6749
CUJ20,04/02/2020,523.75,523.75,523.75,523.75,-12,-2.24%,0,6749
CUJ20,04/01/2020,535.75,535.75,535.75,535.75,-21.25,-3.82%,0,6749
CUJ20,03/31/2020,557,557,557,557,-5.25,-0.93%,480,6749
CUJ20,03/30/2020,562.25,562.25,562.25,562.25,12.5,2.27%,52,6773
CUJ20,03/27/2020,549.75,549.75,549.75,549.75,8,1.48%,0,6773
CUJ20,03/26/2020,541.75,541.75,541.75,541.75,-4,-0.73%,10,6773
CUJ20,03/25/2020,545.75,545.75,545.75,545.75,4.25,0.78%,55,6763
CUH20,03/24/2020,541.5,541.5,541.5,541.5,4,0.74%,0,6763
CUH20,03/23/2020,537.5,537.5,537.5,537.5,-1,-0.19%,0,6763
CUH20,03/20/2020,538.5,538.5,538.5,538.5,5.5,1.03%,0,6763
CUH20,03/19/2020,533,533,533,533,-4,-0.74%,60,6763
CUH20,03/18/2020,537,537,537,537,-3,-0.56%,230,6703
CUH20,03/17/2020,540,540,540,540,2.25,0.42%,0,6703
CUH20,03/16/2020,537.75,537.75,537.75,537.75,-9,-1.65%,0,6703
CUH20,03/13/2020,546.75,546.75,546.75,546.75,-1.75,-0.32%,0,6703
CUH20,03/12/2020,548.5,548.5,548.5,548.5,-13.25,-2.36%,72,6703
CUH20,03/11/2020,561.75,561.75,561.75,561.75,1.75,0.31%,0,6631
CUH20,03/10/2020,560,560,560,560,-0.5,-0.09%,0,6631
CUH20,03/09/2020,560.5,560.5,560.5,560.5,-24.25,-4.15%,100,6631
CUH20,03/06/2020,584.75,584.75,584.75,584.75,-16,-2.66%,760,6731
CUH20,03/05/2020,600.75,600.75,600.75,600.75,8,1.35%,0,6677
CUH20,03/04/2020,592.75,592.75,592.75,592.75,27.75,4.91%,0,6677
CUH20,03/03/2020,565,565,565,565,13.25,2.40%,55,6677
CUH20,03/02/2020,551.75,551.75,551.75,551.75,2,0.36%,240,6677
CUH20,02/28/2020,549.75,549.75,549.75,549.75,-31.5,-5.42%,236,6437
CUH20,02/27/2020,581.25,581.25,581.25,581.25,11.5,2.02%,0,6817
CUH20,02/26/2020,569.75,569.75,569.75,569.75,-3,-0.52%,0,6817
CUH20,02/25/2020,572.75,572.75,572.75,572.75,-28.5,-4.74%,120,6817
CUH20,02/24/2020,601.25,601.25,601.25,601.25,-22.75,-3.65%,0,6937
CUH20,02/21/2020,624,624,624,624,5.25,0.85%,72,6937
CUH20,02/20/2020,618.75,618.75,618.75,618.75,7,1.14%,160,6865
CUH20,02/19/2020,611.75,611.75,611.75,611.75,-21.75,-3.43%,10,6805
CUH20,02/18/2020,633.5,633.5,633.5,633.5,-16.75,-2.58%,380,6815
CUG20,02/14/2020,650.25,650.25,650.25,650.25,4.5,0.70%,0,6635
CUG20,02/13/2020,645.75,645.75,645.75,645.75,-13,-1.97%,345,6635
CUG20,02/12/2020,658.75,658.75,658.75,658.75,3,0.46%,226,6417
CUG20,02/11/2020,655.75,655.75,655.75,655.75,-9,-1.35%,1680,6451
CUG20,02/10/2020,664.75,664.75,664.75,664.75,-12.5,-1.85%,147,6642
CUG20,02/07/2020,677.25,677.25,677.25,677.25,-8.75,-1.28%,0,6672
CUG20,02/06/2020,686,686,686,686,9.25,1.37%,26,6672
CUG20,02/05/2020,676.75,676.75,676.75,676.75,29.25,4.52%,646,6678
CUG20,02/04/2020,647.5,647.5,647.5,647.5,12,1.89%,0,6172
CUG20,02/03/2020,635.5,635.5,635.5,635.5,0.5,0.08%,0,6172
CUG20,01/31/2020,635,635,635,635,-14,-2.16%,10,6172
CUG20,01/30/2020,649,649,649,649,-18.25,-2.74%,40,6390
CUG20,01/29/2020,667.25,667.25,667.25,667.25,36.75,5.83%,1024,6350
CUG20,01/28/2020,630.5,630.5,630.5,630.5,-73.25,-10.41%,124,5823
CUG20,01/27/2020,703.75,703.75,703.75,703.75,-24.75,-3.40%,0,5868
CUF20,01/24/2020,728.5,728.5,728.5,728.5,-3.75,-0.51%,0,5868
CUF20,01/23/2020,732.25,732.25,732.25,732.25,-3,-0.41%,0,5868
CUF20,01/22/2020,735.25,735.25,735.25,735.25,6.75,0.93%,0,5868
CUF20,01/21/2020,728.5,728.5,728.5,728.5,5.25,0.73%,160,5868
CUF20,01/17/2020,723.25,723.25,723.25,723.25,-5.5,-0.75%,200,5708
CUF20,01/16/2020,728.75,728.75,728.75,728.75,-6.5,-0.88%,375,5648
CUF20,01/15/2020,735.25,735.25,735.25,735.25,-10.5,-1.41%,120,5643
CUF20,01/14/2020,745.75,745.75,745.75,745.75,-12.5,-1.65%,534,5523
CUF20,01/13/2020,758.25,758.25,758.25,758.25,-4.75,-0.62%,0,5389
CUF20,01/10/2020,763,763,763,763,5.25,0.69%,127,5389
CUF20,01/09/2020,757.75,757.75,757.75,757.75,15.5,2.09%,0,5475
CUF20,01/08/2020,742.25,742.25,742.25,742.25,-2,-0.27%,0,5475
CUF20,01/07/2020,744.25,744.25,744.25,744.25,1.25,0.17%,304,5475
CUF20,01/06/2020,743,743,743,743,-17.5,-2.30%,600,5301
CUF20,01/03/2020,760.5,760.5,760.5,760.5,-5.5,-0.72%,240,4701
CUF20,01/02/2020,766,766,766,766,18,2.41%,240,4461
CUF20,12/31/2019,748,748,748,748,-15,-1.97%,0,4513
CUF20,12/30/2019,763,763,763,763,17,2.28%,0,5199
CUF20,12/27/2019,746,746,746,746,19,2.61%,0,5199
CUF20,12/26/2019,727,727,727,727,36,5.21%,0,5199
CUZ19,12/24/2019,691,691,691,691,0.75,0.11%,0,5199
CUZ19,12/23/2019,690.25,690.25,690.25,690.25,-0.25,-0.04%,0,5199
CUZ19,12/20/2019,690.5,690.5,690.5,690.5,3,0.44%,0,5199
CUZ19,12/19/2019,687.5,687.5,687.5,687.5,1.5,0.22%,100,5199
CUZ19,12/18/2019,686,686,686,686,-2,-0.29%,0,5199
CUZ19,12/17/2019,688,688,688,688,0,0.00%,1014,5199
CUZ19,12/16/2019,688,688,688,688,3,0.44%,169,4199
CUZ19,12/13/2019,685,685,685,685,-4,-0.58%,148,4280
CUZ19,12/12/2019,689,689,689,689,3,0.44%,240,4132
CUZ19,12/11/2019,686,686,686,686,-4.25,-0.62%,0,3892
CUZ19,12/10/2019,690.25,690.25,690.25,690.25,0.25,0.04%,0,3892
CUZ19,12/09/2019,690,690,690,690,8.25,1.21%,524,3892
CUZ19,12/06/2019,681.75,681.75,681.75,681.75,9.5,1.41%,40,3388
CUZ19,12/05/2019,672.25,672.25,672.25,672.25,9.75,1.47%,0,3348
CUZ19,12/04/2019,662.5,662.5,662.5,662.5,4.75,0.72%,480,3348
CUZ19,12/03/2019,657.75,657.75,657.75,657.75,4,0.61%,430,2988
CUZ19,12/02/2019,653.75,653.75,653.75,653.75,-2.5,-0.38%,264,2718
CUZ19,11/29/2019,656.25,656.25,656.25,656.25,12.75,1.98%,0,2606
CUZ19,11/27/2019,643.5,643.5,643.5,643.5,4,0.63%,0,3346
CUZ19,11/26/2019,639.5,639.5,639.5,639.5,-15.25,-2.33%,68,3346
CUZ19,11/25/2019,654.75,654.75,654.75,654.75,22.25,3.52%,108,3278
CUX19,11/22/2019,632.5,632.5,632.5,632.5,6,0.96%,0,3170
CUX19,11/21/2019,626.5,626.5,626.5,626.5,-2.25,-0.36%,37,3170
CUX19,11/20/2019,628.75,628.75,628.75,628.75,5.75,0.92%,202,3170
CUX19,11/19/2019,623,623,623,623,2.25,0.36%,0,3038
CUX19,11/18/2019,620.75,620.75,620.75,620.75,2.75,0.44%,203,3038
CUX19,11/15/2019,618,618,618,618,-3.75,-0.60%,324,3004
CUX19,11/14/2019,621.75,621.75,621.75,621.75,2.25,0.36%,16,2776
CUX19,11/13/2019,619.5,619.5,619.5,619.5,-3.75,-0.60%,400,2792
CUX19,11/12/2019,623.25,623.25,623.25,623.25,-4,-0.64%,80,2472
CUX19,11/11/2019,627.25,627.25,627.25,627.25,10,1.62%,672,2472
CUX19,11/08/2019,617.25,617.25,617.25,617.25,8.25,1.35%,0,2660
CUX19,11/07/2019,609,609,609,609,-6.5,-1.06%,0,2660
CUX19,11/06/2019,615.5,615.5,615.5,615.5,10.25,1.69%,10,2660
CUX19,11/05/2019,605.25,605.25,605.25,605.25,-2.5,-0.41%,120,2660
CUX19,11/04/2019,607.75,607.75,607.75,607.75,18.25,3.10%,40,2540
CUX19,11/01/2019,589.5,589.5,589.5,589.5,-5.75,-0.97%,200,2580
CUX19,10/31/2019,595.25,595.25,595.25,595.25,-2.25,-0.38%,0,2580
CUX19,10/30/2019,597.5,597.5,597.5,597.5,19.5,3.37%,650,3100
CUX19,10/29/2019,578,578,578,578,5.25,0.92%,0,2830
CUX19,10/28/2019,572.75,572.75,572.75,572.75,0,0.00%,0,2830
CUX19,10/25/2019,572.75,572.75,572.75,572.75,35.75,6.66%,0,2830
CUV19,10/24/2019,537,537,537,537,3.5,0.66%,0,2830
CUV19,10/23/2019,533.5,533.5,533.5,533.5,0,0.00%,240,2830
CUV19,10/22/2019,533.5,533.5,533.5,533.5,2.5,0.47%,0,2830
CUV19,10/21/2019,531.25,531.25,531,531,-0.25,-0.05%,0,2830
CUV19,10/18/2019,531.25,531.25,531.25,531.25,3,0.57%,0,2830
CUV19,10/17/2019,528.25,528.25,528.25,528.25,1,0.19%,0,2830
CUV19,10/16/2019,527.25,527.25,527.25,527.25,9.25,1.79%,0,2830
CUV19,10/15/2019,518,518,518,518,1.25,0.24%,80,2830
CUV19,10/14/2019,516.75,516.75,516.75,516.75,-3.25,-0.63%,0,2750
CUV19,10/11/2019,520,520,520,520,-1.75,-0.34%,100,2750
CUV19,10/10/2019,521.75,521.75,521.75,521.75,1,0.19%,0,2650
CUV19,10/09/2019,520.75,520.75,520.75,520.75,3,0.58%,40,2650
CUV19,10/08/2019,517.75,517.75,517.75,517.75,2.75,0.53%,0,2610
CUV19,10/07/2019,515,515,515,515,1.5,0.29%,0,2610
CUV19,10/04/2019,513.5,513.5,513.5,513.5,3,0.59%,0,2610
CUV19,10/03/2019,510.5,510.5,510.5,510.5,-0.5,-0.10%,100,2610
CUV19,10/02/2019,511,511,511,511,-6,-1.16%,0,2510
CUV19,10/01/2019,517,517,517,517,7.75,1.52%,0,2510
CUV19,09/30/2019,509.25,509.25,509.25,509.25,-4,-0.78%,0,2510
CUV19,09/27/2019,513.25,513.25,513.25,513.25,-3.75,-0.73%,0,3190
CUV19,09/26/2019,517,517,517,517,5.25,1.03%,120,3190
CUV19,09/25/2019,511.75,511.75,511.75,511.75,0.5,0.10%,120,3190
CUV19,09/24/2019,511.25,511.25,511.25,511.25,-11.25,-2.15%,240,3310
CUV19,09/23/2019,522.5,522.5,522.5,522.5,-10,-1.88%,70,3110
CUV19,09/20/2019,532.5,532.5,532.5,532.5,1.25,0.24%,40,3110
CUU19,09/19/2019,531.25,531.25,531.25,531.25,-2.25,-0.42%,0,3070
CUU19,09/18/2019,533.5,533.5,533.5,533.5,-3.25,-0.61%,0,3070
CUU19,09/17/2019,536.75,536.75,536.75,536.75,11.5,2.19%,0,3070
CUU19,09/16/2019,525.25,525.25,525.25,525.25,0,0.00%,0,3070
CUU19,09/13/2019,525.25,525.25,525.25,525.25,1,0.19%,10,3070
CUU19,09/12/2019,524.25,524.25,524.25,524.25,-2.25,-0.43%,0,3060
CUU19,09/11/2019,526.5,526.5,526.5,526.5,-3.25,-0.61%,0,3060
CUU19,09/10/2019,529.75,529.75,529.75,529.75,4.5,0.86%,0,3060
CUU19,09/09/2019,525.25,525.25,525.25,525.25,0,0.00%,0,3060
CUU19,09/06/2019,525.25,525.25,525.25,525.25,5,0.96%,80,3060
CUU19,09/05/2019,520.25,520.25,520.25,520.25,1.25,0.24%,160,2980
CUU19,09/04/2019,519,519,519,519,2.75,0.53%,0,2820
CUU19,09/03/2019,516.25,516.25,516.25,516.25,-12.75,-2.41%,0,2820
CUU19,08/30/2019,529,529,529,529,4.25,0.81%,0,2820
CUU19,08/29/2019,524.75,524.75,524.75,524.75,-9.5,-1.78%,0,3580
CUU19,08/28/2019,534.25,534.25,534.25,534.25,2.75,0.52%,0,3580
CUU19,08/27/2019,531.5,531.5,531.5,531.5,-8.5,-1.57%,60,3580
CUU19,08/26/2019,540,540,540,540,0,0.00%,0,3520
CUU19,08/23/2019,540,540,540,540,17.25,3.30%,480,3520
CUQ19,08/22/2019,522.75,522.75,522.75,522.75,3.75,0.72%,0,3040
CUQ19,08/21/2019,519,519,519,519,3.25,0.63%,0,3040
CUQ19,08/20/2019,515.75,515.75,515.75,515.75,1.5,0.29%,0,3040
CUQ19,08/19/2019,514.25,514.25,514.25,514.25,-3.25,-0.63%,0,3040
CUQ19,08/16/2019,517.5,517.5,517.5,517.5,2.75,0.53%,0,3040
CUQ19,08/15/2019,514.75,514.75,514.75,514.75,-6.5,-1.25%,0,3040
CUQ19,08/14/2019,521.25,521.25,521.25,521.25,1.5,0.29%,0,3040
CUQ19,08/13/2019,519.75,519.75,519.75,519.75,4.5,0.87%,0,3040
CUQ19,08/12/2019,515.25,515.25,515.25,515.25,0,0.00%,0,3040
CUQ19,08/09/2019,515.25,515.25,515.25,515.25,7.25,1.43%,0,3040
CUQ19,08/08/2019,508,508,508,508,6.75,1.35%,440,3040
CUQ19,08/07/2019,501.25,501.25,501.25,501.25,0,0.00%,0,2960
CUQ19,08/06/2019,501.25,501.25,501.25,501.25,0,0.00%,0,2960
CUQ19,08/05/2019,501.25,501.25,501.25,501.25,4.5,0.91%,0,2960
CUQ19,08/02/2019,496.75,496.75,496.75,496.75,-1.5,-0.30%,0,2960
CUQ19,08/01/2019,498.25,498.25,498.25,498.25,-4.75,-0.94%,0,2960
CUQ19,07/31/2019,503,503,503,503,2,0.40%,30,2960
CUQ19,07/30/2019,501,501,501,501,0,0.00%,0,3610
CUQ19,07/29/2019,501,501,501,501,-2,-0.40%,200,3610
CUQ19,07/26/2019,503,503,503,503,1.75,0.35%,200,3610
CUQ19,07/25/2019,501.25,501.25,501.25,501.25,21,4.37%,0,3610
CUN19,07/24/2019,480.25,480.25,480.25,480.25,1.5,0.31%,0,3610
CUN19,07/23/2019,478.75,478.75,478.75,478.75,1.5,0.31%,0,3610
CUN19,07/22/2019,477.25,477.25,477.25,477.25,0.75,0.16%,0,3610
CUN19,07/19/2019,476.5,476.5,476.5,476.5,-1,-0.21%,0,3610
CUN19,07/18/2019,477.5,477.5,477.5,477.5,-0.25,-0.05%,0,3610
CUN19,07/17/2019,477.75,477.75,477.75,477.75,0.5,0.10%,60,3610
CUN19,07/16/2019,477.25,477.25,477.25,477.25,2.75,0.58%,0,3590
CUN19,07/15/2019,474.5,474.5,474.5,474.5,2.25,0.48%,0,3590
CUN19,07/12/2019,472.25,472.25,472.25,472.25,1.25,0.27%,0,3590
CUN19,07/11/2019,471,471,471,471,2,0.43%,0,3590
CUN19,07/10/2019,469,469,469,469,-0.75,-0.16%,0,3590
CUN19,07/09/2019,469.75,469.75,469.75,469.75,-0.5,-0.11%,0,3590
CUN19,07/08/2019,470.25,470.25,470.25,470.25,-3.75,-0.79%,0,3590
CUN19,07/05/2019,474,474,474,474,1.25,0.26%,0,3590
CUN19,07/03/2019,472.75,472.75,472.75,472.75,-2.5,-0.53%,0,3590
CUN19,07/02/2019,475.25,475.25,475.25,475.25,1.25,0.26%,0,3590
CUN19,07/01/2019,474,474,474,474,1.75,0.37%,0,3590
CUN19,06/28/2019,472.25,472.25,472.25,472.25,-1.5,-0.32%,0,3590
CUN19,06/27/2019,473.75,473.75,473.75,473.75,-0.5,-0.11%,0,3750
CUN19,06/26/2019,474.25,474.25,474.25,474.25,-4,-0.84%,480,3750
CUN19,06/25/2019,478.25,478.25,478.25,478.25,-4.75,-0.98%,120,3390
CUN19,06/24/2019,483,483,483,483,-2,-0.41%,0,3390
CUM19,06/21/2019,485,485,485,485,0,0.00%,0,3390
CUM19,06/20/2019,485,485,485,485,-1.25,-0.26%,0,3390
CUM19,06/19/2019,486.25,486.25,486.25,486.25,2.75,0.57%,120,3390
CUM19,06/18/2019,483.5,483.5,483.5,483.5,-1.75,-0.36%,200,3390
CUM19,06/17/2019,485.25,485.25,485.25,485.25,2.75,0.57%,0,3430
CUM19,06/14/2019,482.5,482.5,482.5,482.5,0,0.00%,0,3430
CUM19,06/13/2019,482.5,482.5,482.5,482.5,6.25,1.31%,0,3430
CUM19,06/12/2019,476.25,476.25,476.25,476.25,-6.75,-1.40%,0,3430
CUM19,06/11/2019,483,483,483,483,2.25,0.47%,0,3430
CUM19,06/10/2019,480.75,480.75,480.75,480.75,-7,-1.44%,0,3430
CUM19,06/07/2019,487.75,487.75,487.75,487.75,-4,-0.81%,0,3430
CUM19,06/06/2019,491.75,491.75,491.75,491.75,0,0.00%,0,3430
CUM19,06/05/2019,491.75,491.75,491.75,491.75,0,0.00%,0,3430
CUM19,06/04/2019,491.75,491.75,491.75,491.75,7,1.44%,0,3430
CUM19,06/03/2019,484.75,484.75,484.75,484.75,-7.5,-1.52%,120,3430
CUM19,05/31/2019,492.25,492.25,492.25,492.25,-3.5,-0.71%,600,3430
CUM19,05/30/2019,495.75,495.75,495.75,495.75,-4,-0.80%,10,3270
CUM19,05/29/2019,499.75,499.75,499.75,499.75,8.25,1.68%,0,3260
CUM19,05/28/2019,491.5,491.5,491.5,491.5,6.25,1.29%,200,3260
CUK19,05/24/2019,485.25,485.25,485.25,485.25,-0.25,-0.05%,0,3180
CUK19,05/23/2019,485.5,485.5,485.5,485.5,-3.75,-0.77%,154,3180
CUK19,05/22/2019,489.25,489.25,489.25,489.25,0,0.00%,0,3334
CUK19,05/21/2019,489.25,489.25,489.25,489.25,-4.5,-0.91%,58,3334
CUK19,05/20/2019,493.75,493.75,493.75,493.75,0,0.00%,0,3392
CUK19,05/17/2019,493.75,493.75,493.75,493.75,-0.25,-0.05%,0,3392
CUK19,05/16/2019,494,494,494,494,8.5,1.75%,0,3392
CUK19,05/15/2019,485.5,485.5,485.5,485.5,1.25,0.26%,0,3392
CUK19,05/14/2019,484.25,484.25,484.25,484.25,4.25,0.89%,0,3392
CUK19,05/13/2019,480,480,480,480,0,0.00%,0,3392
CUK19,05/10/2019,480,480,480,480,-4.25,-0.88%,0,3392
CUK19,05/09/2019,484.25,484.25,484.25,484.25,-6,-1.22%,0,3392
CUK19,05/08/2019,490.25,490.25,490.25,490.25,-0.5,-0.10%,0,3392
CUK19,05/07/2019,490.75,490.75,490.75,490.75,11.5,2.40%,0,3392
CUK19,05/06/2019,479.25,479.25,479.25,479.25,-6.25,-1.29%,0,3392
CUK19,05/03/2019,485.5,485.5,485.5,485.5,-5.75,-1.17%,0,3392
CUK19,05/02/2019,491.25,491.25,491.25,491.25,-15.75,-3.11%,0,3392
CUK19,05/01/2019,507,507,507,507,0,0.00%,0,3392
CUK19,04/30/2019,507,507,507,507,-2.75,-0.54%,0,3392
CUK19,04/29/2019,509.75,509.75,509.75,509.75,-1.5,-0.29%,60,3552
CUK19,04/26/2019,511.25,511.25,511.25,511.25,-10.25,-1.97%,0,3532
CUK19,04/25/2019,521.5,521.5,521.5,521.5,-4,-0.76%,78,3532
CUK19,04/24/2019,525.5,525.5,525.5,525.5,-3.25,-0.61%,134,3610
CUJ19,04/23/2019,528.75,528.75,528.75,528.75,0,0.00%,0,3664
CUJ19,04/22/2019,528.75,528.75,528.75,528.75,-0.25,-0.05%,0,3664
CUJ19,04/18/2019,529,529,529,529,-2.5,-0.47%,0,3664
CUJ19,04/17/2019,531.5,531.5,531.5,531.5,2,0.38%,0,3664
CUJ19,04/16/2019,529.5,529.5,529.5,529.5,3.5,0.67%,120,3664
CUJ19,04/15/2019,526,526,526,526,-2,-0.38%,0,3544
CUJ19,04/12/2019,528,528,528,528,0.75,0.14%,0,3544
CUJ19,04/11/2019,527.25,527.25,527.25,527.25,-3.75,-0.71%,60,3544
CUJ19,04/10/2019,531,531,531,531,-7.25,-1.35%,24,3604
CUJ19,04/09/2019,538.25,538.25,538.25,538.25,2.25,0.42%,0,3580
CUJ19,04/08/2019,536,536,536,536,-6,-1.11%,180,3580
CUJ19,04/05/2019,542,542,542,542,3.75,0.70%,0,3400
CUJ19,04/04/2019,538.25,538.25,538.25,538.25,6.5,1.22%,0,3400
CUJ19,04/03/2019,531.75,531.75,531.75,531.75,5,0.95%,0,3400
CUJ19,04/02/2019,526.75,526.75,526.75,526.75,8.25,1.59%,0,3400
CUJ19,04/01/2019,518.5,518.5,518.5,518.5,3,0.58%,0,3400
CUJ19,03/29/2019,515.5,515.5,515.5,515.5,-4.75,-0.91%,0,3400
CUJ19,03/28/2019,520.25,520.25,520.25,520.25,-3.5,-0.67%,0,4072
CUJ19,03/27/2019,523.75,523.75,523.75,523.75,0.25,0.05%,10,4072
CUJ19,03/26/2019,523.5,523.5,523.5,523.5,-2.25,-0.43%,80,4062
CUJ19,03/25/2019,525.75,525.75,525.75,525.75,-7.75,-1.45%,0,4062
CUJ19,03/22/2019,533.5,533.5,533.5,533.5,8,1.52%,80,4062
CUH19,03/21/2019,525.5,525.5,525.5,525.5,1.25,0.24%,0,4062
CUH19,03/20/2019,524.25,524.25,524.25,524.25,3.25,0.62%,0,4062
CUH19,03/19/2019,521,521,521,521,3.25,0.63%,188,4062
CUH19,03/18/2019,517.75,517.75,517.75,517.75,4.75,0.93%,0,4090
CUH19,03/15/2019,513,513,513,513,0,0.00%,10,4090
CUH19,03/14/2019,513,513,513,513,-3.5,-0.68%,0,4080
CUH19,03/13/2019,516.5,516.5,516.5,516.5,-4.5,-0.86%,100,4080
CUH19,03/12/2019,521,521,521,521,0.25,0.05%,0,3980
CUH19,03/11/2019,520.75,520.75,520.75,520.75,-0.75,-0.14%,0,3980
CUH19,03/08/2019,521.5,521.5,521.5,521.5,-2.5,-0.48%,120,3980
CUH19,03/07/2019,524,524,524,524,-4.25,-0.80%,0,3860
CUH19,03/06/2019,528.25,528.25,528.25,528.25,-2,-0.38%,0,3860
CUH19,03/05/2019,530.25,530.25,530.25,530.25,2.25,0.43%,376,3860
CUH19,03/04/2019,528,528,528,528,-9.5,-1.77%,0,4020
CUH19,03/01/2019,537.5,537.5,537.5,537.5,16.25,3.12%,0,4020
CUH19,02/28/2019,521.25,521.25,521.25,521.25,-2.75,-0.52%,0,4020
CUH19,02/27/2019,524,524,524,524,-12.25,-2.28%,0,4180
CUH19,02/26/2019,536.25,536.25,536.25,536.25,-8.25,-1.52%,190,4180
CUH19,02/25/2019,544.5,544.5,544.5,544.5,-8.5,-1.54%,0,4220
CUH19,02/22/2019,553,553,553,553,-4.25,-0.76%,0,4220
CUH19,02/21/2019,557.25,557.25,557.25,557.25,1.75,0.32%,120,4220
CUG19,02/20/2019,555.5,555.5,555.5,555.5,-0.5,-0.09%,0,4100
CUG19,02/19/2019,556,556,556,556,1,0.18%,0,4100
CUG19,02/15/2019,555,555,555,555,-4.75,-0.85%,0,4100
CUG19,02/14/2019,559.75,559.75,559.75,559.75,4.25,0.77%,0,4100
CUG19,02/13/2019,555.5,555.5,555.5,555.5,0.5,0.09%,120,4100
CUG19,02/12/2019,555,555,555,555,-3.25,-0.58%,0,3980
CUG19,02/11/2019,558.25,558.25,558.25,558.25,-4.5,-0.80%,0,3980
CUG19,02/08/2019,562.75,562.75,562.75,562.75,-4.25,-0.75%,0,3980
CUG19,02/07/2019,567,567,567,567,3.25,0.58%,0,3980
CUG19,02/06/2019,563.75,563.75,563.75,563.75,0,0.00%,0,3980
CUG19,02/05/2019,563.75,563.75,563.75,563.75,0,0.00%,0,3980
CUG19,02/04/2019,563.75,563.75,563.75,563.75,1,0.18%,320,3980
CUG19,02/01/2019,562.75,562.75,562.75,562.75,0,0.00%,0,3980
CUG19,01/31/2019,562.75,562.75,562.75,562.75,2.25,0.40%,372,3980
CUG19,01/30/2019,560.5,560.5,560.5,560.5,2,0.36%,40,4440
CUG19,01/29/2019,558.5,558.5,558.5,558.5,-6.75,-1.19%,180,4440
CUG19,01/28/2019,565.25,565.25,565.25,565.25,10,1.80%,120,4380
CUG19,01/25/2019,555.25,555.25,555.25,555.25,0.25,0.05%,0,4260
CUG19,01/24/2019,555,555,555,555,3.25,0.59%,370,4260
CUG19,01/23/2019,551.75,551.75,551.75,551.75,5,0.91%,200,3900
CUG19,01/22/2019,546.75,546.75,546.75,546.75,5.75,1.06%,1640,3700
CUG19,01/18/2019,541,541,541,541,6.5,1.22%,20,2520
CUG19,01/17/2019,534.5,534.5,534.5,534.5,7.25,1.38%,80,2520
CUF19,01/16/2019,527.25,527.25,527.25,527.25,2.75,0.52%,0,2480
CUF19,01/15/2019,524.5,524.5,524.5,524.5,1.25,0.24%,0,2480
CUF19,01/14/2019,523.25,523.25,523.25,523.25,-5.25,-0.99%,0,2480
CUF19,01/11/2019,528.5,528.5,528.5,528.5,1.5,0.28%,0,2480
CUF19,01/10/2019,527,527,527,527,-2,-0.38%,0,2480
CUF19,01/09/2019,529,529,529,529,0.25,0.05%,0,2480
CUF19,01/08/2019,528.75,528.75,528.75,528.75,4,0.76%,0,2480
CUF19,01/07/2019,524.75,524.75,524.75,524.75,0.25,0.05%,0,2480
CUF19,01/04/2019,524.5,524.5,524.5,524.5,5.25,1.01%,400,2480
CUF19,01/03/2019,519.25,519.25,519.25,519.25,-4.25,-0.81%,0,2320
CUF19,01/02/2019,523.5,523.5,523.5,523.5,10.25,2.00%,0,2320
CUF19,12/31/2018,513.25,513.25,513.25,513.25,3.5,0.69%,0,2320
CUF19,12/28/2018,509.75,509.75,509.75,509.75,5.75,1.14%,0,3050
CUF19,12/27/2018,504,504,504,504,3.25,0.65%,0,3050
CUF19,12/26/2018,500.75,500.75,500.75,500.75,2,0.40%,0,3050
CUZ18,12/24/2018,498.75,498.75,498.75,498.75,-2,-0.40%,0,3050
CUZ18,12/21/2018,500.75,500.75,500.75,500.75,-1.75,-0.35%,0,3050
CUZ18,12/20/2018,502.5,502.5,502.5,502.5,-1.5,-0.30%,0,3050
CUZ18,12/19/2018,504,504,504,504,4,0.80%,0,3050
CUZ18,12/18/2018,500,500,500,500,4.25,0.86%,200,3050
CUZ18,12/17/2018,495.75,495.75,495.75,495.75,6,1.23%,0,2950
CUZ18,12/14/2018,489.75,489.75,489.75,489.75,3,0.62%,0,2950
CUZ18,12/13/2018,486.75,486.75,486.75,486.75,2,0.41%,0,2950
CUZ18,12/12/2018,484.75,484.75,484.75,484.75,2.5,0.52%,0,2950
CUZ18,12/11/2018,482.25,482.25,482.25,482.25,-5.5,-1.13%,240,2950
CUZ18,12/10/2018,487.75,487.75,487.75,487.75,7.5,1.56%,0,2830
CUZ18,12/07/2018,480.25,480.25,480.25,480.25,-1.25,-0.26%,0,2830
CUZ18,12/06/2018,481.5,481.5,481.5,481.5,1.25,0.26%,0,2830
CUZ18,12/05/2018,480.25,480.25,480.25,480.25,-5.25,-1.08%,240,2830
CUZ18,12/04/2018,485.5,485.5,485.5,485.5,6.5,1.36%,0,2590
CUZ18,12/03/2018,479,479,479,479,-8.75,-1.79%,0,2590
CUZ18,11/30/2018,487.75,487.75,487.75,487.75,3.75,0.77%,0,2590
CUZ18,11/29/2018,484,484,484,484,4.25,0.89%,0,3310
CUZ18,11/28/2018,479.75,479.75,479.75,479.75,10.75,2.29%,0,3310
CUZ18,11/27/2018,469,469,469,469,-1.75,-0.37%,120,3310
CUZ18,11/26/2018,470.75,470.75,470.75,470.75,-18,-3.68%,0,3190
CUX18,11/23/2018,488.75,488.75,488.75,488.75,3.5,0.72%,0,3190
CUX18,11/21/2018,485.25,485.25,485.25,485.25,1.25,0.26%,0,3190
CUX18,11/20/2018,484,484,484,484,0,0.00%,0,3190
CUX18,11/19/2018,484,484,484,484,1.75,0.36%,0,3190
CUX18,11/16/2018,482.25,482.25,482.25,482.25,-0.75,-0.16%,0,3190
CUX18,11/15/2018,483,483,483,483,0.75,0.16%,0,3190
CUX18,11/14/2018,482.25,482.25,482.25,482.25,-4.75,-0.98%,0,3190
CUX18,11/13/2018,487,487,487,487,-4.75,-0.97%,0,3190
CUX18,11/12/2018,491.75,491.75,491.75,491.75,-1.75,-0.35%,160,3190
CUX18,11/09/2018,493.5,493.5,493.5,493.5,-9,-1.79%,0,3100
CUX18,11/08/2018,502.5,502.5,502.5,502.5,-4.75,-0.94%,200,3100
CUX18,11/07/2018,507.25,507.25,507.25,507.25,-2.25,-0.44%,0,3100
CUX18,11/06/2018,509.5,509.5,509.5,509.5,0,0.00%,0,3100
CUX18,11/05/2018,509.5,509.5,509.5,509.5,-6.25,-1.21%,0,3100
CUX18,11/02/2018,515.75,515.75,515.75,515.75,3.5,0.68%,0,3100
CUX18,11/01/2018,512.25,512.25,512.25,512.25,-1.75,-0.34%,0,3100
CUX18,10/31/2018,514,514,514,514,-4.75,-0.92%,0,3100
CUX18,10/30/2018,518.75,518.75,518.75,518.75,-5.25,-1.00%,0,4020
CUX18,10/29/2018,524,524,524,524,9.5,1.85%,10,4020
CUX18,10/26/2018,514.5,514.5,514.5,514.5,-6.75,-1.29%,0,4020
CUX18,10/25/2018,521.25,521.25,521.25,521.25,-9.5,-1.79%,10,4020
CUV18,10/24/2018,530.75,530.75,530.75,530.75,-1.25,-0.23%,0,4020
CUV18,10/23/2018,532,532,532,532,-1.5,-0.28%,10,4020
CUV18,10/22/2018,533.5,533.5,533.5,533.5,1.25,0.23%,0,4020
CUV18,10/19/2018,532.25,532.25,532.25,532.25,-1.75,-0.33%,0,4020
CUV18,10/18/2018,534,534,534,534,-2.5,-0.47%,0,4020
CUV18,10/17/2018,536.5,536.5,536.5,536.5,2,0.37%,0,4020
CUV18,10/16/2018,534.5,534.5,534.5,534.5,7,1.33%,0,4020
CUV18,10/15/2018,527.5,527.5,527.5,527.5,-0.5,-0.09%,0,4020
CUV18,10/12/2018,528,528,528,528,3.5,0.67%,0,4020
CUV18,10/11/2018,524.5,524.5,524.5,524.5,-3.75,-0.71%,210,4020
CUV18,10/10/2018,528.25,528.25,528.25,528.25,-1.75,-0.33%,0,4020
CUV18,10/09/2018,530,530,530,530,2.75,0.52%,480,4020
CUV18,10/08/2018,527.25,527.25,527.25,527.25,-7.25,-1.36%,0,3540
CUV18,10/05/2018,534.5,534.5,534.5,534.5,-1.25,-0.23%,20,3540
CUV18,10/04/2018,535.75,535.75,535.75,535.75,5.25,0.99%,40,3520
CUV18,10/03/2018,530.5,530.5,530.5,530.5,8.75,1.68%,0,3480
CUV18,10/02/2018,521.75,521.75,521.75,521.75,0.75,0.14%,0,3480
CUV18,10/01/2018,521,521,521,521,-4.75,-0.90%,0,3480
CUV18,09/28/2018,525.75,525.75,525.75,525.75,2.75,0.53%,0,3480
CUV18,09/27/2018,523,523,523,523,-5.75,-1.09%,0,4440
CUV18,09/26/2018,528.75,528.75,528.75,528.75,1.5,0.28%,0,4440
CUV18,09/25/2018,527.25,527.25,527.25,527.25,3.75,0.72%,0,4440
CUV18,09/24/2018,523.5,523.5,523.5,523.5,-9,-1.69%,0,4440
CUU18,09/21/2018,532.5,532.5,532.5,532.5,0.25,0.05%,0,4440
CUU18,09/20/2018,532.25,532.25,532.25,532.25,-1,-0.19%,0,4440
CUU18,09/19/2018,533.25,533.25,533.25,533.25,-4.5,-0.84%,480,4440
CUU18,09/18/2018,537.75,537.75,537.75,537.75,-3.25,-0.60%,0,3960
CUU18,09/17/2018,541,541,541,541,0,0.00%,0,3960
CUU18,09/14/2018,541,541,541,541,-3,-0.55%,0,3960
CUU18,09/13/2018,544,544,544,544,1.75,0.32%,0,3960
CUU18,09/12/2018,542.25,542.25,542.25,542.25,-5.5,-1.00%,0,3960
CUU18,09/11/2018,547.75,547.75,547.75,547.75,0,0.00%,0,3960
CUU18,09/10/2018,547.75,547.75,547.75,547.75,0,0.00%,0,3960
CUU18,09/07/2018,547.75,547.75,547.75,547.75,-2,-0.36%,0,3960
CUU18,09/06/2018,549.75,549.75,549.75,549.75,-2.75,-0.50%,0,3960
CUU18,09/05/2018,552.5,552.5,552.5,552.5,-2.5,-0.45%,0,3960
CUU18,09/04/2018,555,555,555,555,9.75,1.79%,200,3960
CUU18,08/31/2018,545.25,545.25,545.25,545.25,0,0.00%,0,3960
CUU18,08/30/2018,545.25,545.25,545.25,545.25,6.75,1.25%,0,4560
CUU18,08/29/2018,538.5,538.5,538.5,538.5,-4.75,-0.87%,0,4560
CUU18,08/28/2018,543.25,543.25,543.25,543.25,6.5,1.21%,10,4560
CUU18,08/27/2018,536.75,536.75,536.75,536.75,-6.25,-1.15%,0,4560
CUQ18,08/24/2018,543,543,543,543,0,0.00%,0,4560
CUQ18,08/23/2018,543,543,543,543,-2,-0.37%,0,4560
CUQ18,08/22/2018,545,545,545,545,0,0.00%,0,4560
CUQ18,08/21/2018,545,545,545,545,-0.75,-0.14%,0,4560
CUQ18,08/20/2018,545.75,545.75,545.75,545.75,1.75,0.32%,0,4560
CUQ18,08/17/2018,544,544,544,544,1.5,0.28%,0,4560
CUQ18,08/16/2018,542.5,542.5,542.5,542.5,3,0.56%,0,4560
CUQ18,08/15/2018,539.5,539.5,539.5,539.5,-2.75,-0.51%,0,4560
CUQ18,08/14/2018,542.25,542.25,542.25,542.25,1,0.18%,0,4560
CUQ18,08/13/2018,541.25,541.25,541.25,541.25,-6.75,-1.23%,0,4560
CUQ18,08/10/2018,548,548,548,548,-1.25,-0.23%,0,4560
CUQ18,08/09/2018,549.25,549.25,549.25,549.25,-1.75,-0.32%,0,4560
CUQ18,08/08/2018,551,551,551,551,5.25,0.96%,0,4560
CUQ18,08/07/2018,545.75,545.75,545.75,545.75,4.75,0.88%,240,4560
CUQ18,08/06/2018,541,541,541,541,2.75,0.51%,480,4640
CUQ18,08/03/2018,538.25,538.25,538.25,538.25,-0.25,-0.05%,0,4680
CUQ18,08/02/2018,538.5,538.5,538.5,538.5,-5.75,-1.06%,0,4680
CUQ18,08/01/2018,544.25,544.25,544.25,544.25,4.25,0.79%,0,4680
CUQ18,07/31/2018,540,540,540,540,0.25,0.05%,0,4680
CUQ18,07/30/2018,539.75,539.75,539.75,539.75,1.5,0.28%,10,5320
CUQ18,07/27/2018,538.25,538.25,538.25,538.25,-4.25,-0.78%,0,5320
CUQ18,07/26/2018,542.5,542.5,542.5,542.5,8.5,1.59%,600,5320
CUQ18,07/25/2018,534,534,534,534,4.75,0.90%,160,4720
CUQ18,07/24/2018,529.25,529.25,529.25,529.25,-17.5,-3.20%,120,4560
CUN18,07/23/2018,546.75,546.75,546.75,546.75,-1.5,-0.27%,0,4440
CUN18,07/20/2018,548.25,548.25,548.25,548.25,-0.25,-0.05%,440,4440
CUN18,07/19/2018,548.5,548.5,548.5,548.5,-2,-0.36%,0,4080
CUN18,07/18/2018,550.5,550.5,550.5,550.5,4,0.73%,360,4080
CUN18,07/17/2018,546.5,546.5,546.5,546.5,-0.25,-0.05%,240,4080
CUN18,07/16/2018,546.75,546.75,546.75,546.75,3,0.55%,0,4080
CUN18,07/13/2018,543.75,543.75,543.75,543.75,-5.25,-0.96%,120,4080
CUN18,07/12/2018,549,549,549,549,-4.25,-0.77%,0,3960
CUN18,07/11/2018,553.25,553.25,553.25,553.25,-11,-1.95%,0,3960
CUN18,07/10/2018,564.25,564.25,564.25,564.25,0.75,0.13%,200,3960
CUN18,07/09/2018,563.5,563.5,563.5,563.5,1.5,0.27%,0,4160
CUN18,07/06/2018,562,562,562,562,-3.5,-0.62%,0,4160
CUN18,07/05/2018,565.5,565.5,565.5,565.5,-6.25,-1.09%,120,4160
CUN18,07/03/2018,571.75,571.75,571.75,571.75,-5,-0.87%,0,4040
CUN18,07/02/2018,576.75,576.75,576.75,576.75,2,0.35%,0,4040
CUN18,06/29/2018,574.75,574.75,574.75,574.75,-3.25,-0.56%,0,4040
CUN18,06/28/2018,578,578,578,578,4.75,0.83%,0,4600
CUN18,06/27/2018,573.25,573.25,573.25,573.25,7.75,1.37%,0,4600
CUN18,06/26/2018,565.5,565.5,565.5,565.5,-4.5,-0.79%,0,4600
CUN18,06/25/2018,570,570,570,570,-12.25,-2.10%,0,4600
CUM18,06/22/2018,582.25,582.25,582.25,582.25,2.5,0.43%,0,4600
CUM18,06/21/2018,579.75,579.75,579.75,579.75,-1.25,-0.22%,0,4600
CUM18,06/20/2018,581,581,581,581,-0.5,-0.09%,0,4600
CUM18,06/19/2018,581.5,581.5,581.5,581.5,-5,-0.85%,240,4600
CUM18,06/18/2018,586.5,586.5,586.5,586.5,-4,-0.68%,0,4640
CUM18,06/15/2018,590.5,590.5,590.5,590.5,0,0.00%,0,4640
CUM18,06/14/2018,590.5,590.5,590.5,590.5,2.5,0.43%,0,4640
CUM18,06/13/2018,588,588,588,588,-1.5,-0.25%,0,4640
CUM18,06/12/2018,589.5,589.5,589.5,589.5,-6,-1.01%,40,4640
CUM18,06/11/2018,595.5,595.5,595.5,595.5,-1.5,-0.25%,0,4600
CUM18,06/08/2018,597,597,597,597,-4.75,-0.79%,0,4600
CUM18,06/07/2018,601.75,601.75,601.75,601.75,-1.75,-0.29%,0,4600
CUM18,06/06/2018,603.5,603.5,603.5,603.5,-1.5,-0.25%,120,4600
CUM18,06/05/2018,605,605,605,605,-0.75,-0.12%,200,4480
CUM18,06/04/2018,605.75,605.75,605.75,605.75,-7,-1.14%,0,4680
CUM18,06/01/2018,612.75,612.75,612.75,612.75,2.25,0.37%,0,4680
CUM18,05/31/2018,610.5,610.5,610.5,610.5,-0.75,-0.12%,0,4680
CUM18,05/30/2018,611.25,611.25,611.25,611.25,-4.75,-0.77%,480,5160
CUM18,05/29/2018,616,616,616,616,0,0.00%,0,4840
CUM18,05/25/2018,616,616,616,616,2.5,0.41%,0,4840
CUK18,05/24/2018,613.5,613.5,613.5,613.5,0.75,0.12%,0,4840
CUK18,05/23/2018,612.75,612.75,612.75,612.75,-0.25,-0.04%,0,4840
CUK18,05/22/2018,613,613,613,613,3,0.49%,0,4840
CUK18,05/21/2018,610,610,610,610,-0.5,-0.08%,0,4840
CUK18,05/18/2018,610.5,610.5,610.5,610.5,1.75,0.29%,160,4840
CUK18,05/17/2018,608.75,608.75,608.75,608.75,2.25,0.37%,120,4840
CUK18,05/16/2018,606.5,606.5,606.5,606.5,-4.5,-0.74%,0,4800
CUK18,05/15/2018,611,611,611,611,6,0.99%,120,4800
CUK18,05/14/2018,605,605,605,605,3,0.50%,0,4680
CUK18,05/11/2018,602,602,602,602,0,0.00%,0,4680
CUK18,05/10/2018,602,602,602,602,0,0.00%,0,4680
CUK18,05/09/2018,602,602,602,602,0,0.00%,0,4680
CUK18,05/08/2018,602,602,602,602,-1.5,-0.25%,0,4680
CUK18,05/07/2018,603.5,603.5,603.5,603.5,8.5,1.43%,0,4680
CUK18,05/04/2018,595,595,595,595,2.25,0.38%,0,4680
CUK18,05/03/2018,592.75,592.75,592.75,592.75,-9,-1.50%,0,4680
CUK18,05/02/2018,601.75,601.75,601.75,601.75,0.25,0.04%,0,4680
CUK18,05/01/2018,601.5,601.5,601.5,601.5,0,0.00%,0,4680
CUK18,04/30/2018,601.5,601.5,601.5,601.5,-6,-0.99%,0,4680
CUK18,04/27/2018,607.5,607.5,607.5,607.5,-1.5,-0.25%,0,5000
CUK18,04/26/2018,609,609,609,609,-2.75,-0.45%,0,5000
CUK18,04/25/2018,611.75,611.75,611.75,611.75,-1.5,-0.24%,0,5000
CUK18,04/24/2018,613.25,613.25,613.25,613.25,-11.25,-1.80%,0,5000
CUJ18,04/23/2018,624.5,624.5,624.5,624.5,-1,-0.16%,0,5000
CUJ18,04/20/2018,625.5,625.5,625.5,625.5,1,0.16%,0,5000
CUJ18,04/19/2018,624.5,624.5,624.5,624.5,-0.5,-0.08%,0,5000
CUJ18,04/18/2018,625,625,625,625,-0.25,-0.04%,0,5000
CUJ18,04/17/2018,625.25,625.25,625.25,625.25,4.75,0.77%,0,5000
CUJ18,04/16/2018,620.5,620.5,620.5,620.5,-4.75,-0.76%,0,5000
CUJ18,04/13/2018,625.25,625.25,625.25,625.25,-3.75,-0.60%,0,5000
CUJ18,04/12/2018,629,629,629,629,-1.75,-0.28%,80,5000
CUJ18,04/11/2018,630.75,630.75,630.75,630.75,-1,-0.16%,120,5000
CUJ18,04/10/2018,631.75,631.75,631.75,631.75,-6,-0.94%,120,4880
CUJ18,04/09/2018,637.75,637.75,637.75,637.75,-7,-1.09%,0,4760
CUJ18,04/06/2018,644.75,644.75,644.75,644.75,6.5,1.02%,0,4760
CUJ18,04/05/2018,638.25,638.25,638.25,638.25,3.5,0.55%,0,4760
CUJ18,04/04/2018,634.75,634.75,634.75,634.75,5,0.79%,0,4760
CUJ18,04/03/2018,629.75,629.75,629.75,629.75,-6.75,-1.06%,0,4760
CUJ18,04/02/2018,636.5,636.5,636.5,636.5,14.75,2.37%,0,4760
CUJ18,03/29/2018,621.75,621.75,621.75,621.75,-4.75,-0.76%,0,5190
CUJ18,03/28/2018,626.5,626.5,626.5,626.5,0,0.00%,0,5190
CUJ18,03/27/2018,626.5,626.5,626.5,626.5,3,0.48%,0,5190
CUH18,03/26/2018,623.5,623.5,623.5,623.5,0.5,0.08%,0,5190
CUH18,03/23/2018,623,623,623,623,-1.75,-0.28%,0,5190
CUH18,03/22/2018,624.75,624.75,624.75,624.75,1,0.16%,0,5190
CUH18,03/21/2018,623.75,623.75,623.75,623.75,0.5,0.08%,0,5190
CUH18,03/20/2018,623.25,623.25,623.25,623.25,1.25,0.20%,0,5190
CUH18,03/19/2018,622,622,622,622,1.75,0.28%,0,5190
CUH18,03/16/2018,620.25,620.25,620.25,620.25,-4,-0.64%,0,5190
CUH18,03/15/2018,624.25,624.25,624.25,624.25,-1.75,-0.28%,0,5190
CUH18,03/14/2018,626,626,626,626,5.25,0.85%,80,5190
CUH18,03/13/2018,620.75,620.75,620.75,620.75,5.25,0.85%,80,5110
CUH18,03/12/2018,615.5,615.5,615.5,615.5,2,0.33%,240,5030
CUH18,03/09/2018,613.5,613.5,613.5,613.5,-7.5,-1.21%,0,4790
CUH18,03/08/2018,621,621,621,621,-7.25,-1.15%,0,4790
CUH18,03/07/2018,628.25,628.25,628.25,628.25,-7,-1.10%,0,4790
CUH18,03/06/2018,635.25,635.25,635.25,635.25,2.75,0.43%,0,4790
CUH18,03/05/2018,632.5,632.5,632.5,632.5,0,0.00%,0,4790
CUH18,03/02/2018,632.5,632.5,632.5,632.5,-16.25,-2.50%,0,4790
CUH18,03/01/2018,648.75,648.75,648.75,648.75,-1.75,-0.27%,0,4790
CUH18,02/28/2018,650.5,650.5,650.5,650.5,1.5,0.23%,0,4790
CUH18,02/27/2018,649,649,649,649,0.75,0.12%,0,5090
CUH18,02/26/2018,648.25,648.25,648.25,648.25,4.5,0.70%,0,5090
CUH18,02/23/2018,643.75,643.75,643.75,643.75,10.5,1.66%,0,5090
CUH18,02/22/2018,633.25,633.25,633.25,633.25,-5,-0.78%,0,5090
CUG18,02/21/2018,638.25,638.25,638.25,638.25,-0.5,-0.08%,0,5090
CUG18,02/20/2018,638.75,638.75,638.75,638.75,-2.25,-0.35%,0,5090
CUG18,02/16/2018,641,641,641,641,0,0.00%,0,5090
CUG18,02/15/2018,641,641,641,641,3.75,0.59%,0,5090
CUG18,02/14/2018,637.25,637.25,637.25,637.25,-1.5,-0.23%,120,5090
CUG18,02/13/2018,638.75,638.75,638.75,638.75,-4.5,-0.70%,0,4970
CUG18,02/12/2018,643.25,643.25,643.25,643.25,5.75,0.90%,0,4970
CUG18,02/09/2018,637.5,637.5,637.5,637.5,1.75,0.28%,0,4970
CUG18,02/08/2018,635.75,635.75,635.75,635.75,-0.5,-0.08%,0,4970
CUG18,02/07/2018,636.25,636.25,636.25,636.25,4.5,0.71%,0,4970
CUG18,02/06/2018,631.75,631.75,631.75,631.75,-6.75,-1.06%,0,4970
CUG18,02/05/2018,638.5,638.5,638.5,638.5,3.75,0.59%,0,4970
CUG18,02/02/2018,634.75,634.75,634.75,634.75,-4.5,-0.70%,0,4970
CUG18,02/01/2018,639.25,639.25,639.25,639.25,0,0.00%,0,4970
CUG18,01/31/2018,639.25,639.25,639.25,639.25,0,0.00%,0,4970
CUG18,01/30/2018,639.25,639.25,639.25,639.25,-8.75,-1.35%,0,5470
CUG18,01/29/2018,648,648,648,648,8,1.25%,0,5470
CUG18,01/26/2018,640,640,640,640,-1.75,-0.27%,0,5470
CUG18,01/25/2018,641.75,641.75,641.75,641.75,1.25,0.20%,0,5470
CUF18,01/24/2018,640.5,640.5,640.5,640.5,2.25,0.35%,0,5470
CUF18,01/23/2018,638.25,638.25,638.25,638.25,2,0.31%,0,5470
CUF18,01/22/2018,636.25,636.25,636.25,636.25,2.25,0.35%,0,5470
CUF18,01/19/2018,634,634,634,634,-1.5,-0.24%,0,5470
CUF18,01/18/2018,635.5,635.5,635.5,635.5,-2,-0.31%,0,5470
CUF18,01/17/2018,637.5,637.5,637.5,637.5,-3.25,-0.51%,0,5470
CUF18,01/16/2018,640.75,640.75,640.75,640.75,-0.5,-0.08%,0,5470
CUF18,01/12/2018,641.25,641.25,641.25,641.25,-3.25,-0.50%,520,5470
CUF18,01/11/2018,644.5,644.5,644.5,644.5,-7,-1.07%,320,5270
CUF18,01/10/2018,651.5,651.5,651.5,651.5,3.5,0.54%,120,4950
CUF18,01/09/2018,648,648,648,648,-7,-1.07%,0,4830
CUF18,01/08/2018,655,655,655,655,7.25,1.12%,0,4830
CUF18,01/05/2018,647.75,647.75,647.75,647.75,5.25,0.82%,0,4830
CUF18,01/04/2018,642.5,642.5,642.5,642.5,-4.25,-0.66%,0,4830
CUF18,01/03/2018,646.75,646.75,646.75,646.75,19,3.03%,0,4830
CUF18,01/02/2018,627.75,627.75,627.75,627.75,10.75,1.74%,0,4830
Downloaded from Barchart.com as of 08-23-2023 04:27pm CDT,,,,,,,,,
