,Time,Month,cum_gap
0,2019-01-02,2019-01,0.0
1,2019-01-03,2019-01,0.0
2,2019-01-04,2019-01,0.0
3,2019-01-07,2019-01,0.0
4,2019-01-08,2019-01,0.0
5,2019-01-09,2019-01,0.0
6,2019-01-10,2019-01,0.0
7,2019-01-11,2019-01,0.0
8,2019-01-14,2019-01,0.0
9,2019-01-15,2019-01,0.0
10,2019-01-16,2019-01,0.0
11,2019-01-17,2019-01,0.0
12,2019-01-18,2019-01,0.0
13,2019-01-22,2019-01,0.0
14,2019-01-23,2019-01,0.0
15,2019-01-24,2019-01,0.0
16,2019-01-25,2019-01,0.0
17,2019-01-28,2019-01,0.0
18,2019-01-29,2019-01,0.0
19,2019-01-30,2019-01,0.0
20,2019-01-31,2019-01,0.0
21,2019-02-01,2019-02,24.0
22,2019-02-04,2019-02,24.0
23,2019-02-05,2019-02,24.0
24,2019-02-06,2019-02,24.0
25,2019-02-07,2019-02,24.0
26,2019-02-08,2019-02,24.0
27,2019-02-11,2019-02,24.0
28,2019-02-12,2019-02,24.0
29,2019-02-13,2019-02,24.0
30,2019-02-14,2019-02,24.0
31,2019-02-15,2019-02,24.0
32,2019-02-19,2019-02,24.0
33,2019-02-20,2019-02,24.0
34,2019-02-21,2019-02,24.0
35,2019-02-22,2019-02,24.0
36,2019-02-25,2019-02,24.0
37,2019-02-26,2019-02,24.0
38,2019-02-27,2019-02,24.0
39,2019-02-28,2019-02,24.0
40,2019-03-01,2019-03,10.5
41,2019-03-04,2019-03,10.5
42,2019-03-05,2019-03,10.5
43,2019-03-06,2019-03,10.5
44,2019-03-07,2019-03,10.5
45,2019-03-08,2019-03,10.5
46,2019-03-11,2019-03,10.5
47,2019-03-12,2019-03,10.5
48,2019-03-13,2019-03,10.5
49,2019-03-14,2019-03,10.5
50,2019-03-15,2019-03,10.5
51,2019-03-18,2019-03,10.5
52,2019-03-19,2019-03,10.5
53,2019-03-20,2019-03,10.5
54,2019-03-21,2019-03,10.5
55,2019-03-22,2019-03,10.5
56,2019-03-25,2019-03,10.5
57,2019-03-26,2019-03,10.5
58,2019-03-27,2019-03,10.5
59,2019-03-28,2019-03,10.5
60,2019-03-29,2019-03,10.5
61,2019-04-01,2019-04,6.75
62,2019-04-02,2019-04,6.75
63,2019-04-03,2019-04,6.75
64,2019-04-04,2019-04,6.75
65,2019-04-05,2019-04,6.75
66,2019-04-08,2019-04,6.75
67,2019-04-09,2019-04,6.75
68,2019-04-10,2019-04,6.75
69,2019-04-11,2019-04,6.75
70,2019-04-12,2019-04,6.75
71,2019-04-15,2019-04,6.75
72,2019-04-16,2019-04,6.75
73,2019-04-17,2019-04,6.75
74,2019-04-18,2019-04,6.75
75,2019-04-22,2019-04,6.75
76,2019-04-23,2019-04,6.75
77,2019-04-24,2019-04,6.75
78,2019-04-25,2019-04,6.75
79,2019-04-26,2019-04,6.75
80,2019-04-29,2019-04,6.75
81,2019-04-30,2019-04,6.75
82,2019-05-01,2019-05,-12.75
83,2019-05-02,2019-05,-12.75
84,2019-05-03,2019-05,-12.75
85,2019-05-06,2019-05,-12.75
86,2019-05-07,2019-05,-12.75
87,2019-05-08,2019-05,-12.75
88,2019-05-09,2019-05,-12.75
89,2019-05-10,2019-05,-12.75
90,2019-05-13,2019-05,-12.75
91,2019-05-14,2019-05,-12.75
92,2019-05-15,2019-05,-12.75
93,2019-05-16,2019-05,-12.75
94,2019-05-17,2019-05,-12.75
95,2019-05-20,2019-05,-12.75
96,2019-05-21,2019-05,-12.75
97,2019-05-22,2019-05,-12.75
98,2019-05-23,2019-05,-12.75
99,2019-05-24,2019-05,-12.75
100,2019-05-28,2019-05,-12.75
101,2019-05-29,2019-05,-12.75
102,2019-05-30,2019-05,-12.75
103,2019-05-31,2019-05,-12.75
104,2019-06-03,2019-06,-16.5
105,2019-06-04,2019-06,-16.5
106,2019-06-05,2019-06,-16.5
107,2019-06-06,2019-06,-16.5
108,2019-06-07,2019-06,-16.5
109,2019-06-10,2019-06,-16.5
110,2019-06-11,2019-06,-16.5
111,2019-06-12,2019-06,-16.5
112,2019-06-13,2019-06,-16.5
113,2019-06-14,2019-06,-16.5
114,2019-06-17,2019-06,-16.5
115,2019-06-18,2019-06,-16.5
116,2019-06-19,2019-06,-16.5
117,2019-06-20,2019-06,-16.5
118,2019-06-21,2019-06,-16.5
119,2019-06-24,2019-06,-16.5
120,2019-06-25,2019-06,-16.5
121,2019-06-26,2019-06,-16.5
122,2019-06-27,2019-06,-16.5
123,2019-06-28,2019-06,-16.5
124,2019-07-01,2019-07,-24.5
125,2019-07-02,2019-07,-24.5
126,2019-07-03,2019-07,-24.5
127,2019-07-05,2019-07,-24.5
128,2019-07-08,2019-07,-24.5
129,2019-07-09,2019-07,-24.5
130,2019-07-10,2019-07,-24.5
131,2019-07-11,2019-07,-24.5
132,2019-07-12,2019-07,-24.5
133,2019-07-15,2019-07,-24.5
134,2019-07-16,2019-07,-24.5
135,2019-07-17,2019-07,-24.5
136,2019-07-18,2019-07,-24.5
137,2019-07-19,2019-07,-24.5
138,2019-07-22,2019-07,-24.5
139,2019-07-23,2019-07,-24.5
140,2019-07-24,2019-07,-24.5
141,2019-07-25,2019-07,-24.5
142,2019-07-26,2019-07,-24.5
143,2019-07-29,2019-07,-24.5
144,2019-07-30,2019-07,-24.5
145,2019-07-31,2019-07,-24.5
146,2019-08-01,2019-08,-7.25
147,2019-08-02,2019-08,-7.25
148,2019-08-05,2019-08,-7.25
149,2019-08-06,2019-08,-7.25
150,2019-08-07,2019-08,-7.25
151,2019-08-08,2019-08,-7.25
152,2019-08-09,2019-08,-7.25
153,2019-08-12,2019-08,-7.25
154,2019-08-13,2019-08,-7.25
155,2019-08-14,2019-08,-7.25
156,2019-08-15,2019-08,-7.25
157,2019-08-16,2019-08,-7.25
158,2019-08-19,2019-08,-7.25
159,2019-08-20,2019-08,-7.25
160,2019-08-21,2019-08,-7.25
161,2019-08-22,2019-08,-7.25
162,2019-08-23,2019-08,-7.25
163,2019-08-26,2019-08,-7.25
164,2019-08-27,2019-08,-7.25
165,2019-08-28,2019-08,-7.25
166,2019-08-29,2019-08,-7.25
167,2019-08-30,2019-08,-7.25
168,2019-09-03,2019-09,-12.0
169,2019-09-04,2019-09,-12.0
170,2019-09-05,2019-09,-12.0
171,2019-09-06,2019-09,-12.0
172,2019-09-09,2019-09,-12.0
173,2019-09-10,2019-09,-12.0
174,2019-09-11,2019-09,-12.0
175,2019-09-12,2019-09,-12.0
176,2019-09-13,2019-09,-12.0
177,2019-09-16,2019-09,-12.0
178,2019-09-17,2019-09,-12.0
179,2019-09-18,2019-09,-12.0
180,2019-09-19,2019-09,-12.0
181,2019-09-20,2019-09,-12.0
182,2019-09-23,2019-09,-12.0
183,2019-09-24,2019-09,-12.0
184,2019-09-25,2019-09,-12.0
185,2019-09-26,2019-09,-12.0
186,2019-09-27,2019-09,-12.0
187,2019-09-30,2019-09,-12.0
188,2019-10-01,2019-10,-19.25
189,2019-10-02,2019-10,-19.25
190,2019-10-03,2019-10,-19.25
191,2019-10-04,2019-10,-19.25
192,2019-10-07,2019-10,-19.25
193,2019-10-08,2019-10,-19.25
194,2019-10-09,2019-10,-19.25
195,2019-10-10,2019-10,-19.25
196,2019-10-11,2019-10,-19.25
197,2019-10-14,2019-10,-19.25
198,2019-10-15,2019-10,-19.25
199,2019-10-16,2019-10,-19.25
200,2019-10-17,2019-10,-19.25
201,2019-10-18,2019-10,-19.25
202,2019-10-21,2019-10,-19.25
203,2019-10-22,2019-10,-19.25
204,2019-10-23,2019-10,-19.25
205,2019-10-24,2019-10,-19.25
206,2019-10-25,2019-10,-19.25
207,2019-10-28,2019-10,-19.25
208,2019-10-29,2019-10,-19.25
209,2019-10-30,2019-10,-19.25
210,2019-10-31,2019-10,-19.25
211,2019-11-01,2019-11,30.25
212,2019-11-04,2019-11,30.25
213,2019-11-05,2019-11,30.25
214,2019-11-06,2019-11,30.25
215,2019-11-07,2019-11,30.25
216,2019-11-08,2019-11,30.25
217,2019-11-11,2019-11,30.25
218,2019-11-12,2019-11,30.25
219,2019-11-13,2019-11,30.25
220,2019-11-14,2019-11,30.25
221,2019-11-15,2019-11,30.25
222,2019-11-18,2019-11,30.25
223,2019-11-19,2019-11,30.25
224,2019-11-20,2019-11,30.25
225,2019-11-21,2019-11,30.25
226,2019-11-22,2019-11,30.25
227,2019-11-25,2019-11,30.25
228,2019-11-26,2019-11,30.25
229,2019-11-27,2019-11,30.25
230,2019-11-29,2019-11,30.25
231,2019-12-02,2019-12,54.0
232,2019-12-03,2019-12,54.0
233,2019-12-04,2019-12,54.0
234,2019-12-05,2019-12,54.0
235,2019-12-06,2019-12,54.0
236,2019-12-09,2019-12,54.0
237,2019-12-10,2019-12,54.0
238,2019-12-11,2019-12,54.0
239,2019-12-12,2019-12,54.0
240,2019-12-13,2019-12,54.0
241,2019-12-16,2019-12,54.0
242,2019-12-17,2019-12,54.0
243,2019-12-18,2019-12,54.0
244,2019-12-19,2019-12,54.0
245,2019-12-20,2019-12,54.0
246,2019-12-23,2019-12,54.0
247,2019-12-24,2019-12,54.0
248,2019-12-26,2019-12,54.0
249,2019-12-27,2019-12,54.0
250,2019-12-30,2019-12,54.0
251,2019-12-31,2019-12,54.0
252,2020-01-02,2020-01,121.5
253,2020-01-03,2020-01,121.5
254,2020-01-06,2020-01,121.5
255,2020-01-07,2020-01,121.5
256,2020-01-08,2020-01,121.5
257,2020-01-09,2020-01,121.5
258,2020-01-10,2020-01,121.5
259,2020-01-13,2020-01,121.5
260,2020-01-14,2020-01,121.5
261,2020-01-15,2020-01,121.5
262,2020-01-16,2020-01,121.5
263,2020-01-17,2020-01,121.5
264,2020-01-21,2020-01,121.5
265,2020-01-22,2020-01,121.5
266,2020-01-23,2020-01,121.5
267,2020-01-24,2020-01,121.5
268,2020-01-27,2020-01,121.5
269,2020-01-28,2020-01,121.5
270,2020-01-29,2020-01,121.5
271,2020-01-30,2020-01,121.5
272,2020-01-31,2020-01,121.5
273,2020-02-03,2020-02,39.5
274,2020-02-04,2020-02,39.5
275,2020-02-05,2020-02,39.5
276,2020-02-06,2020-02,39.5
277,2020-02-07,2020-02,39.5
278,2020-02-10,2020-02,39.5
279,2020-02-11,2020-02,39.5
280,2020-02-12,2020-02,39.5
281,2020-02-13,2020-02,39.5
282,2020-02-14,2020-02,39.5
283,2020-02-18,2020-02,39.5
284,2020-02-19,2020-02,39.5
285,2020-02-20,2020-02,39.5
286,2020-02-21,2020-02,39.5
287,2020-02-24,2020-02,39.5
288,2020-02-25,2020-02,39.5
289,2020-02-26,2020-02,39.5
290,2020-02-27,2020-02,39.5
291,2020-02-28,2020-02,39.5
292,2020-03-02,2020-03,-38.75
293,2020-03-03,2020-03,-38.75
294,2020-03-04,2020-03,-38.75
295,2020-03-05,2020-03,-38.75
296,2020-03-06,2020-03,-38.75
297,2020-03-09,2020-03,-38.75
298,2020-03-10,2020-03,-38.75
299,2020-03-11,2020-03,-38.75
300,2020-03-12,2020-03,-38.75
301,2020-03-13,2020-03,-38.75
302,2020-03-16,2020-03,-38.75
303,2020-03-17,2020-03,-38.75
304,2020-03-18,2020-03,-38.75
305,2020-03-19,2020-03,-38.75
306,2020-03-20,2020-03,-38.75
307,2020-03-23,2020-03,-38.75
308,2020-03-24,2020-03,-38.75
309,2020-03-25,2020-03,-38.75
310,2020-03-26,2020-03,-38.75
311,2020-03-27,2020-03,-38.75
312,2020-03-30,2020-03,-38.75
313,2020-03-31,2020-03,-38.75
314,2020-04-01,2020-04,-49.0
315,2020-04-02,2020-04,-49.0
316,2020-04-03,2020-04,-49.0
317,2020-04-06,2020-04,-49.0
318,2020-04-07,2020-04,-49.0
319,2020-04-08,2020-04,-49.0
320,2020-04-09,2020-04,-49.0
321,2020-04-13,2020-04,-49.0
322,2020-04-14,2020-04,-49.0
323,2020-04-15,2020-04,-49.0
324,2020-04-16,2020-04,-49.0
325,2020-04-17,2020-04,-49.0
326,2020-04-20,2020-04,-49.0
327,2020-04-21,2020-04,-49.0
328,2020-04-22,2020-04,-49.0
329,2020-04-23,2020-04,-49.0
330,2020-04-24,2020-04,-49.0
331,2020-04-27,2020-04,-49.0
332,2020-04-28,2020-04,-49.0
333,2020-04-29,2020-04,-49.0
334,2020-04-30,2020-04,-49.0
335,2020-05-01,2020-05,-72.75
336,2020-05-04,2020-05,-72.75
337,2020-05-05,2020-05,-72.75
338,2020-05-06,2020-05,-72.75
339,2020-05-07,2020-05,-72.75
340,2020-05-08,2020-05,-72.75
341,2020-05-11,2020-05,-72.75
342,2020-05-12,2020-05,-72.75
343,2020-05-13,2020-05,-72.75
344,2020-05-14,2020-05,-72.75
345,2020-05-15,2020-05,-72.75
346,2020-05-18,2020-05,-72.75
347,2020-05-19,2020-05,-72.75
348,2020-05-20,2020-05,-72.75
349,2020-05-21,2020-05,-72.75
350,2020-05-22,2020-05,-72.75
351,2020-05-26,2020-05,-72.75
352,2020-05-27,2020-05,-72.75
353,2020-05-28,2020-05,-72.75
354,2020-05-29,2020-05,-72.75
355,2020-06-01,2020-06,-31.25
356,2020-06-02,2020-06,-31.25
357,2020-06-03,2020-06,-31.25
358,2020-06-04,2020-06,-31.25
359,2020-06-05,2020-06,-31.25
360,2020-06-08,2020-06,-31.25
361,2020-06-09,2020-06,-31.25
362,2020-06-10,2020-06,-31.25
363,2020-06-11,2020-06,-31.25
364,2020-06-12,2020-06,-31.25
365,2020-06-15,2020-06,-31.25
366,2020-06-16,2020-06,-31.25
367,2020-06-17,2020-06,-31.25
368,2020-06-18,2020-06,-31.25
369,2020-06-19,2020-06,-31.25
370,2020-06-22,2020-06,-31.25
371,2020-06-23,2020-06,-31.25
372,2020-06-24,2020-06,-31.25
373,2020-06-25,2020-06,-31.25
374,2020-06-26,2020-06,-31.25
375,2020-06-29,2020-06,-31.25
376,2020-06-30,2020-06,-31.25
377,2020-07-01,2020-07,-44.0
378,2020-07-02,2020-07,-44.0
379,2020-07-06,2020-07,-44.0
380,2020-07-07,2020-07,-44.0
381,2020-07-08,2020-07,-44.0
382,2020-07-09,2020-07,-44.0
383,2020-07-10,2020-07,-44.0
384,2020-07-13,2020-07,-44.0
385,2020-07-14,2020-07,-44.0
386,2020-07-15,2020-07,-44.0
387,2020-07-16,2020-07,-44.0
388,2020-07-17,2020-07,-44.0
389,2020-07-20,2020-07,-44.0
390,2020-07-21,2020-07,-44.0
391,2020-07-22,2020-07,-44.0
392,2020-07-23,2020-07,-44.0
393,2020-07-24,2020-07,-44.0
394,2020-07-27,2020-07,-44.0
395,2020-07-28,2020-07,-44.0
396,2020-07-29,2020-07,-44.0
397,2020-07-30,2020-07,-44.0
398,2020-07-31,2020-07,-44.0
399,2020-08-03,2020-08,2.5
400,2020-08-04,2020-08,2.5
401,2020-08-05,2020-08,2.5
402,2020-08-06,2020-08,2.5
403,2020-08-07,2020-08,2.5
404,2020-08-10,2020-08,2.5
405,2020-08-11,2020-08,2.5
406,2020-08-12,2020-08,2.5
407,2020-08-13,2020-08,2.5
408,2020-08-14,2020-08,2.5
409,2020-08-17,2020-08,2.5
410,2020-08-18,2020-08,2.5
411,2020-08-19,2020-08,2.5
412,2020-08-20,2020-08,2.5
413,2020-08-21,2020-08,2.5
414,2020-08-24,2020-08,2.5
415,2020-08-25,2020-08,2.5
416,2020-08-26,2020-08,2.5
417,2020-08-27,2020-08,2.5
418,2020-08-28,2020-08,2.5
419,2020-08-31,2020-08,2.5
420,2020-09-01,2020-09,25.5
421,2020-09-02,2020-09,25.5
422,2020-09-03,2020-09,25.5
423,2020-09-04,2020-09,25.5
424,2020-09-08,2020-09,25.5
425,2020-09-09,2020-09,25.5
426,2020-09-10,2020-09,25.5
427,2020-09-11,2020-09,25.5
428,2020-09-14,2020-09,25.5
429,2020-09-15,2020-09,25.5
430,2020-09-16,2020-09,25.5
431,2020-09-17,2020-09,25.5
432,2020-09-18,2020-09,25.5
433,2020-09-21,2020-09,25.5
434,2020-09-22,2020-09,25.5
435,2020-09-23,2020-09,25.5
436,2020-09-24,2020-09,25.5
437,2020-09-25,2020-09,25.5
438,2020-09-28,2020-09,25.5
439,2020-09-29,2020-09,25.5
440,2020-09-30,2020-09,25.5
441,2020-10-01,2020-10,5.25
442,2020-10-02,2020-10,5.25
443,2020-10-05,2020-10,5.25
444,2020-10-06,2020-10,5.25
445,2020-10-07,2020-10,5.25
446,2020-10-08,2020-10,5.25
447,2020-10-09,2020-10,5.25
448,2020-10-12,2020-10,5.25
449,2020-10-13,2020-10,5.25
450,2020-10-14,2020-10,5.25
451,2020-10-15,2020-10,5.25
452,2020-10-16,2020-10,5.25
453,2020-10-19,2020-10,5.25
454,2020-10-20,2020-10,5.25
455,2020-10-21,2020-10,5.25
456,2020-10-22,2020-10,5.25
457,2020-10-23,2020-10,5.25
458,2020-10-26,2020-10,5.25
459,2020-10-27,2020-10,5.25
460,2020-10-28,2020-10,5.25
461,2020-10-29,2020-10,5.25
462,2020-10-30,2020-10,5.25
463,2020-11-02,2020-11,11.75
464,2020-11-03,2020-11,11.75
465,2020-11-04,2020-11,11.75
466,2020-11-05,2020-11,11.75
467,2020-11-06,2020-11,11.75
468,2020-11-09,2020-11,11.75
469,2020-11-10,2020-11,11.75
470,2020-11-11,2020-11,11.75
471,2020-11-12,2020-11,11.75
472,2020-11-13,2020-11,11.75
473,2020-11-16,2020-11,11.75
474,2020-11-17,2020-11,11.75
475,2020-11-18,2020-11,11.75
476,2020-11-19,2020-11,11.75
477,2020-11-20,2020-11,11.75
478,2020-11-23,2020-11,11.75
479,2020-11-24,2020-11,11.75
480,2020-11-25,2020-11,11.75
481,2020-11-27,2020-11,11.75
482,2020-11-30,2020-11,11.75
483,2020-12-01,2020-12,32.25
484,2020-12-02,2020-12,32.25
485,2020-12-03,2020-12,32.25
486,2020-12-04,2020-12,32.25
487,2020-12-07,2020-12,32.25
488,2020-12-08,2020-12,32.25
489,2020-12-09,2020-12,32.25
490,2020-12-10,2020-12,32.25
491,2020-12-11,2020-12,32.25
492,2020-12-14,2020-12,32.25
493,2020-12-15,2020-12,32.25
494,2020-12-16,2020-12,32.25
495,2020-12-17,2020-12,32.25
496,2020-12-18,2020-12,32.25
497,2020-12-21,2020-12,32.25
498,2020-12-22,2020-12,32.25
499,2020-12-23,2020-12,32.25
500,2020-12-24,2020-12,32.25
501,2020-12-28,2020-12,32.25
502,2020-12-29,2020-12,32.25
503,2020-12-30,2020-12,32.25
504,2020-12-31,2020-12,32.25
505,2021-01-04,2021-01,99.5
506,2021-01-05,2021-01,99.5
507,2021-01-06,2021-01,99.5
508,2021-01-07,2021-01,99.5
509,2021-01-08,2021-01,99.5
510,2021-01-11,2021-01,99.5
511,2021-01-12,2021-01,99.5
512,2021-01-13,2021-01,99.5
513,2021-01-14,2021-01,99.5
514,2021-01-15,2021-01,99.5
515,2021-01-19,2021-01,99.5
516,2021-01-20,2021-01,99.5
517,2021-01-21,2021-01,99.5
518,2021-01-22,2021-01,99.5
519,2021-01-25,2021-01,99.5
520,2021-01-26,2021-01,99.5
521,2021-01-27,2021-01,99.5
522,2021-01-28,2021-01,99.5
523,2021-01-29,2021-01,99.5
524,2021-02-01,2021-02,72.75
525,2021-02-02,2021-02,72.75
526,2021-02-03,2021-02,72.75
527,2021-02-04,2021-02,72.75
528,2021-02-05,2021-02,72.75
529,2021-02-08,2021-02,72.75
530,2021-02-09,2021-02,72.75
531,2021-02-10,2021-02,72.75
532,2021-02-11,2021-02,72.75
533,2021-02-12,2021-02,72.75
534,2021-02-16,2021-02,72.75
535,2021-02-17,2021-02,72.75
536,2021-02-18,2021-02,72.75
537,2021-02-19,2021-02,72.75
538,2021-02-22,2021-02,72.75
539,2021-02-23,2021-02,72.75
540,2021-02-24,2021-02,72.75
541,2021-02-25,2021-02,72.75
542,2021-02-26,2021-02,72.75
543,2021-03-01,2021-03,88.25
544,2021-03-02,2021-03,88.25
545,2021-03-03,2021-03,88.25
546,2021-03-04,2021-03,88.25
547,2021-03-05,2021-03,88.25
548,2021-03-08,2021-03,88.25
549,2021-03-09,2021-03,88.25
550,2021-03-10,2021-03,88.25
551,2021-03-11,2021-03,88.25
552,2021-03-12,2021-03,88.25
553,2021-03-15,2021-03,88.25
554,2021-03-16,2021-03,88.25
555,2021-03-17,2021-03,88.25
556,2021-03-18,2021-03,88.25
557,2021-03-19,2021-03,88.25
558,2021-03-22,2021-03,88.25
559,2021-03-23,2021-03,88.25
560,2021-03-24,2021-03,88.25
561,2021-03-25,2021-03,88.25
562,2021-03-26,2021-03,88.25
563,2021-03-29,2021-03,88.25
564,2021-03-30,2021-03,88.25
565,2021-03-31,2021-03,88.25
566,2021-04-01,2021-04,39.25
567,2021-04-05,2021-04,39.25
568,2021-04-06,2021-04,39.25
569,2021-04-07,2021-04,39.25
570,2021-04-08,2021-04,39.25
571,2021-04-09,2021-04,39.25
572,2021-04-12,2021-04,39.25
573,2021-04-13,2021-04,39.25
574,2021-04-14,2021-04,39.25
575,2021-04-15,2021-04,39.25
576,2021-04-16,2021-04,39.25
577,2021-04-19,2021-04,39.25
578,2021-04-20,2021-04,39.25
579,2021-04-21,2021-04,39.25
580,2021-04-22,2021-04,39.25
581,2021-04-23,2021-04,39.25
582,2021-04-26,2021-04,39.25
583,2021-04-27,2021-04,39.25
584,2021-04-28,2021-04,39.25
585,2021-04-29,2021-04,39.25
586,2021-04-30,2021-04,39.25
587,2021-05-03,2021-05,76.75
588,2021-05-04,2021-05,76.75
589,2021-05-05,2021-05,76.75
590,2021-05-06,2021-05,76.75
591,2021-05-07,2021-05,76.75
592,2021-05-10,2021-05,76.75
593,2021-05-11,2021-05,76.75
594,2021-05-12,2021-05,76.75
595,2021-05-13,2021-05,76.75
596,2021-05-14,2021-05,76.75
597,2021-05-17,2021-05,76.75
598,2021-05-18,2021-05,76.75
599,2021-05-19,2021-05,76.75
600,2021-05-20,2021-05,76.75
601,2021-05-21,2021-05,76.75
602,2021-05-24,2021-05,76.75
603,2021-05-25,2021-05,76.75
604,2021-05-26,2021-05,76.75
605,2021-05-27,2021-05,76.75
606,2021-05-28,2021-05,76.75
607,2021-06-01,2021-06,4.0
608,2021-06-02,2021-06,4.0
609,2021-06-03,2021-06,4.0
610,2021-06-04,2021-06,4.0
611,2021-06-07,2021-06,4.0
612,2021-06-08,2021-06,4.0
613,2021-06-09,2021-06,4.0
614,2021-06-10,2021-06,4.0
615,2021-06-11,2021-06,4.0
616,2021-06-14,2021-06,4.0
617,2021-06-15,2021-06,4.0
618,2021-06-16,2021-06,4.0
619,2021-06-17,2021-06,4.0
620,2021-06-18,2021-06,4.0
621,2021-06-21,2021-06,4.0
622,2021-06-22,2021-06,4.0
623,2021-06-23,2021-06,4.0
624,2021-06-24,2021-06,4.0
625,2021-06-25,2021-06,4.0
626,2021-06-28,2021-06,4.0
627,2021-06-29,2021-06,4.0
628,2021-06-30,2021-06,4.0
629,2021-07-01,2021-07,3.5
630,2021-07-02,2021-07,3.5
631,2021-07-06,2021-07,3.5
632,2021-07-07,2021-07,3.5
633,2021-07-08,2021-07,3.5
634,2021-07-09,2021-07,3.5
635,2021-07-12,2021-07,3.5
636,2021-07-13,2021-07,3.5
637,2021-07-14,2021-07,3.5
638,2021-07-15,2021-07,3.5
639,2021-07-16,2021-07,3.5
640,2021-07-19,2021-07,3.5
641,2021-07-20,2021-07,3.5
642,2021-07-21,2021-07,3.5
643,2021-07-22,2021-07,3.5
644,2021-07-23,2021-07,3.5
645,2021-07-26,2021-07,3.5
646,2021-07-27,2021-07,3.5
647,2021-07-28,2021-07,3.5
648,2021-07-29,2021-07,3.5
649,2021-07-30,2021-07,3.5
650,2021-08-02,2021-08,-7.25
651,2021-08-03,2021-08,-7.25
652,2021-08-04,2021-08,-7.25
653,2021-08-05,2021-08,-7.25
654,2021-08-06,2021-08,-7.25
655,2021-08-09,2021-08,-7.25
656,2021-08-10,2021-08,-7.25
657,2021-08-11,2021-08,-7.25
658,2021-08-12,2021-08,-7.25
659,2021-08-13,2021-08,-7.25
660,2021-08-16,2021-08,-7.25
661,2021-08-17,2021-08,-7.25
662,2021-08-18,2021-08,-7.25
663,2021-08-19,2021-08,-7.25
664,2021-08-20,2021-08,-7.25
665,2021-08-23,2021-08,-7.25
666,2021-08-24,2021-08,-7.25
667,2021-08-25,2021-08,-7.25
668,2021-08-26,2021-08,-7.25
669,2021-08-27,2021-08,-7.25
670,2021-08-30,2021-08,-7.25
671,2021-08-31,2021-08,-7.25
672,2021-09-01,2021-09,-33.0
673,2021-09-02,2021-09,-33.0
674,2021-09-03,2021-09,-33.0
675,2021-09-07,2021-09,-33.0
676,2021-09-08,2021-09,-33.0
677,2021-09-09,2021-09,-33.0
678,2021-09-10,2021-09,-33.0
679,2021-09-13,2021-09,-33.0
680,2021-09-14,2021-09,-33.0
681,2021-09-15,2021-09,-33.0
682,2021-09-16,2021-09,-33.0
683,2021-09-17,2021-09,-33.0
684,2021-09-20,2021-09,-33.0
685,2021-09-21,2021-09,-33.0
686,2021-09-22,2021-09,-33.0
687,2021-09-23,2021-09,-33.0
688,2021-09-24,2021-09,-33.0
689,2021-09-27,2021-09,-33.0
690,2021-09-28,2021-09,-33.0
691,2021-09-29,2021-09,-33.0
692,2021-09-30,2021-09,-33.0
693,2021-10-01,2021-10,-11.25
694,2021-10-04,2021-10,-11.25
695,2021-10-05,2021-10,-11.25
696,2021-10-06,2021-10,-11.25
697,2021-10-07,2021-10,-11.25
698,2021-10-08,2021-10,-11.25
699,2021-10-11,2021-10,-11.25
700,2021-10-12,2021-10,-11.25
701,2021-10-13,2021-10,-11.25
702,2021-10-14,2021-10,-11.25
703,2021-10-15,2021-10,-11.25
704,2021-10-18,2021-10,-11.25
705,2021-10-19,2021-10,-11.25
706,2021-10-20,2021-10,-11.25
707,2021-10-21,2021-10,-11.25
708,2021-10-22,2021-10,-11.25
709,2021-10-25,2021-10,-11.25
710,2021-10-26,2021-10,-11.25
711,2021-10-27,2021-10,-11.25
712,2021-10-28,2021-10,-11.25
713,2021-10-29,2021-10,-11.25
714,2021-11-01,2021-11,-10.75
715,2021-11-02,2021-11,-10.75
716,2021-11-03,2021-11,-10.75
717,2021-11-04,2021-11,-10.75
718,2021-11-05,2021-11,-10.75
719,2021-11-08,2021-11,-10.75
720,2021-11-09,2021-11,-10.75
721,2021-11-10,2021-11,-10.75
722,2021-11-11,2021-11,-10.75
723,2021-11-12,2021-11,-10.75
724,2021-11-15,2021-11,-10.75
725,2021-11-16,2021-11,-10.75
726,2021-11-17,2021-11,-10.75
727,2021-11-18,2021-11,-10.75
728,2021-11-19,2021-11,-10.75
729,2021-11-22,2021-11,-10.75
730,2021-11-23,2021-11,-10.75
731,2021-11-24,2021-11,-10.75
732,2021-11-26,2021-11,-10.75
733,2021-11-29,2021-11,-10.75
734,2021-11-30,2021-11,-10.75
735,2021-12-01,2021-12,-96.5
736,2021-12-02,2021-12,-96.5
737,2021-12-03,2021-12,-96.5
738,2021-12-06,2021-12,-96.5
739,2021-12-07,2021-12,-96.5
740,2021-12-08,2021-12,-96.5
741,2021-12-09,2021-12,-96.5
742,2021-12-10,2021-12,-96.5
743,2021-12-13,2021-12,-96.5
744,2021-12-14,2021-12,-96.5
745,2021-12-15,2021-12,-96.5
746,2021-12-16,2021-12,-96.5
747,2021-12-17,2021-12,-96.5
748,2021-12-20,2021-12,-96.5
749,2021-12-21,2021-12,-96.5
750,2021-12-22,2021-12,-96.5
751,2021-12-23,2021-12,-96.5
752,2021-12-27,2021-12,-96.5
753,2021-12-28,2021-12,-96.5
754,2021-12-29,2021-12,-96.5
755,2021-12-30,2021-12,-96.5
756,2021-12-31,2021-12,-96.5
757,2022-01-03,2022-01,-55.0
758,2022-01-04,2022-01,-55.0
759,2022-01-05,2022-01,-55.0
760,2022-01-06,2022-01,-55.0
761,2022-01-07,2022-01,-55.0
762,2022-01-10,2022-01,-55.0
763,2022-01-11,2022-01,-55.0
764,2022-01-12,2022-01,-55.0
765,2022-01-13,2022-01,-55.0
766,2022-01-14,2022-01,-55.0
767,2022-01-18,2022-01,-55.0
768,2022-01-19,2022-01,-55.0
769,2022-01-20,2022-01,-55.0
770,2022-01-21,2022-01,-55.0
771,2022-01-24,2022-01,-55.0
772,2022-01-25,2022-01,-55.0
773,2022-01-26,2022-01,-55.0
774,2022-01-27,2022-01,-55.0
775,2022-01-28,2022-01,-55.0
776,2022-01-31,2022-01,-55.0
777,2022-02-01,2022-02,24.0
778,2022-02-02,2022-02,24.0
779,2022-02-03,2022-02,24.0
780,2022-02-04,2022-02,24.0
781,2022-02-07,2022-02,24.0
782,2022-02-08,2022-02,24.0
783,2022-02-09,2022-02,24.0
784,2022-02-10,2022-02,24.0
785,2022-02-11,2022-02,24.0
786,2022-02-14,2022-02,24.0
787,2022-02-15,2022-02,24.0
788,2022-02-16,2022-02,24.0
789,2022-02-17,2022-02,24.0
790,2022-02-18,2022-02,24.0
791,2022-02-22,2022-02,24.0
792,2022-02-23,2022-02,24.0
793,2022-02-24,2022-02,24.0
794,2022-02-25,2022-02,24.0
795,2022-02-28,2022-02,24.0
796,2022-03-01,2022-03,209.75
797,2022-03-02,2022-03,209.75
798,2022-03-03,2022-03,209.75
799,2022-03-04,2022-03,209.75
800,2022-03-07,2022-03,209.75
801,2022-03-08,2022-03,209.75
802,2022-03-09,2022-03,209.75
803,2022-03-10,2022-03,209.75
804,2022-03-11,2022-03,209.75
805,2022-03-14,2022-03,209.75
806,2022-03-15,2022-03,209.75
807,2022-03-16,2022-03,209.75
808,2022-03-17,2022-03,209.75
809,2022-03-18,2022-03,209.75
810,2022-03-21,2022-03,209.75
811,2022-03-22,2022-03,209.75
812,2022-03-23,2022-03,209.75
813,2022-03-24,2022-03,209.75
814,2022-03-25,2022-03,209.75
815,2022-03-28,2022-03,209.75
816,2022-03-29,2022-03,209.75
817,2022-03-30,2022-03,209.75
818,2022-03-31,2022-03,209.75
819,2022-04-01,2022-04,19.25
820,2022-04-04,2022-04,19.25
821,2022-04-05,2022-04,19.25
822,2022-04-06,2022-04,19.25
823,2022-04-07,2022-04,19.25
824,2022-04-08,2022-04,19.25
825,2022-04-11,2022-04,19.25
826,2022-04-12,2022-04,19.25
827,2022-04-13,2022-04,19.25
828,2022-04-14,2022-04,19.25
829,2022-04-18,2022-04,19.25
830,2022-04-19,2022-04,19.25
831,2022-04-20,2022-04,19.25
832,2022-04-21,2022-04,19.25
833,2022-04-22,2022-04,19.25
834,2022-04-25,2022-04,19.25
835,2022-04-26,2022-04,19.25
836,2022-04-27,2022-04,19.25
837,2022-04-28,2022-04,19.25
838,2022-04-29,2022-04,19.25
839,2022-05-02,2022-05,144.0
840,2022-05-03,2022-05,144.0
841,2022-05-04,2022-05,144.0
842,2022-05-05,2022-05,144.0
843,2022-05-06,2022-05,144.0
844,2022-05-09,2022-05,144.0
845,2022-05-10,2022-05,144.0
846,2022-05-11,2022-05,144.0
847,2022-05-12,2022-05,144.0
848,2022-05-13,2022-05,144.0
849,2022-05-16,2022-05,144.0
850,2022-05-17,2022-05,144.0
851,2022-05-18,2022-05,144.0
852,2022-05-19,2022-05,144.0
853,2022-05-20,2022-05,144.0
854,2022-05-23,2022-05,144.0
855,2022-05-24,2022-05,144.0
856,2022-05-25,2022-05,144.0
857,2022-05-26,2022-05,144.0
858,2022-05-27,2022-05,144.0
859,2022-05-31,2022-05,144.0
860,2022-06-01,2022-06,126.5
861,2022-06-02,2022-06,126.5
862,2022-06-03,2022-06,126.5
863,2022-06-06,2022-06,126.5
864,2022-06-07,2022-06,126.5
865,2022-06-08,2022-06,126.5
866,2022-06-09,2022-06,126.5
867,2022-06-10,2022-06,126.5
868,2022-06-13,2022-06,126.5
869,2022-06-14,2022-06,126.5
870,2022-06-15,2022-06,126.5
871,2022-06-16,2022-06,126.5
872,2022-06-17,2022-06,126.5
873,2022-06-21,2022-06,126.5
874,2022-06-22,2022-06,126.5
875,2022-06-23,2022-06,126.5
876,2022-06-24,2022-06,126.5
877,2022-06-27,2022-06,126.5
878,2022-06-28,2022-06,126.5
879,2022-06-29,2022-06,126.5
880,2022-06-30,2022-06,126.5
881,2022-07-01,2022-07,-64.5
882,2022-07-05,2022-07,-64.5
883,2022-07-06,2022-07,-64.5
884,2022-07-07,2022-07,-64.5
885,2022-07-08,2022-07,-64.5
886,2022-07-11,2022-07,-64.5
887,2022-07-12,2022-07,-64.5
888,2022-07-13,2022-07,-64.5
889,2022-07-14,2022-07,-64.5
890,2022-07-15,2022-07,-64.5
891,2022-07-18,2022-07,-64.5
892,2022-07-19,2022-07,-64.5
893,2022-07-20,2022-07,-64.5
894,2022-07-21,2022-07,-64.5
895,2022-07-22,2022-07,-64.5
896,2022-07-25,2022-07,-64.5
897,2022-07-26,2022-07,-64.5
898,2022-07-27,2022-07,-64.5
899,2022-07-28,2022-07,-64.5
900,2022-07-29,2022-07,-64.5
901,2022-08-01,2022-08,-41.5
902,2022-08-02,2022-08,-41.5
903,2022-08-03,2022-08,-41.5
904,2022-08-04,2022-08,-41.5
905,2022-08-05,2022-08,-41.5
906,2022-08-08,2022-08,-41.5
907,2022-08-09,2022-08,-41.5
908,2022-08-10,2022-08,-41.5
909,2022-08-11,2022-08,-41.5
910,2022-08-12,2022-08,-41.5
911,2022-08-15,2022-08,-41.5
912,2022-08-16,2022-08,-41.5
913,2022-08-17,2022-08,-41.5
914,2022-08-18,2022-08,-41.5
915,2022-08-19,2022-08,-41.5
916,2022-08-22,2022-08,-41.5
917,2022-08-23,2022-08,-41.5
918,2022-08-24,2022-08,-41.5
919,2022-08-25,2022-08,-41.5
920,2022-08-26,2022-08,-41.5
921,2022-08-29,2022-08,-41.5
922,2022-08-30,2022-08,-41.5
923,2022-08-31,2022-08,-41.5
924,2022-09-01,2022-09,-69.75
925,2022-09-02,2022-09,-69.75
926,2022-09-06,2022-09,-69.75
927,2022-09-07,2022-09,-69.75
928,2022-09-08,2022-09,-69.75
929,2022-09-09,2022-09,-69.75
930,2022-09-12,2022-09,-69.75
931,2022-09-13,2022-09,-69.75
932,2022-09-14,2022-09,-69.75
933,2022-09-15,2022-09,-69.75
934,2022-09-16,2022-09,-69.75
935,2022-09-19,2022-09,-69.75
936,2022-09-20,2022-09,-69.75
937,2022-09-21,2022-09,-69.75
938,2022-09-22,2022-09,-69.75
939,2022-09-23,2022-09,-69.75
940,2022-09-26,2022-09,-69.75
941,2022-09-27,2022-09,-69.75
942,2022-09-28,2022-09,-69.75
943,2022-09-29,2022-09,-69.75
944,2022-09-30,2022-09,-69.75
945,2022-10-03,2022-10,-142.0
946,2022-10-04,2022-10,-142.0
947,2022-10-05,2022-10,-142.0
948,2022-10-06,2022-10,-142.0
949,2022-10-07,2022-10,-142.0
950,2022-10-10,2022-10,-142.0
951,2022-10-11,2022-10,-142.0
952,2022-10-12,2022-10,-142.0
953,2022-10-13,2022-10,-142.0
954,2022-10-14,2022-10,-142.0
955,2022-10-17,2022-10,-142.0
956,2022-10-18,2022-10,-142.0
957,2022-10-19,2022-10,-142.0
958,2022-10-20,2022-10,-142.0
959,2022-10-21,2022-10,-142.0
960,2022-10-24,2022-10,-142.0
961,2022-10-25,2022-10,-142.0
962,2022-10-26,2022-10,-142.0
963,2022-10-27,2022-10,-142.0
964,2022-10-28,2022-10,-142.0
965,2022-10-31,2022-10,-142.0
966,2022-11-01,2022-11,-72.0
967,2022-11-02,2022-11,-72.0
968,2022-11-03,2022-11,-72.0
969,2022-11-04,2022-11,-72.0
970,2022-11-07,2022-11,-72.0
971,2022-11-08,2022-11,-72.0
972,2022-11-09,2022-11,-72.0
973,2022-11-10,2022-11,-72.0
974,2022-11-11,2022-11,-72.0
975,2022-11-14,2022-11,-72.0
976,2022-11-15,2022-11,-72.0
977,2022-11-16,2022-11,-72.0
978,2022-11-17,2022-11,-72.0
979,2022-11-18,2022-11,-72.0
980,2022-11-21,2022-11,-72.0
981,2022-11-22,2022-11,-72.0
982,2022-11-23,2022-11,-72.0
983,2022-11-25,2022-11,-72.0
984,2022-11-28,2022-11,-72.0
985,2022-11-29,2022-11,-72.0
986,2022-11-30,2022-11,-72.0
987,2022-12-01,2022-12,-47.0
988,2022-12-02,2022-12,-47.0
989,2022-12-05,2022-12,-47.0
990,2022-12-06,2022-12,-47.0
991,2022-12-07,2022-12,-47.0
992,2022-12-08,2022-12,-47.0
993,2022-12-09,2022-12,-47.0
994,2022-12-12,2022-12,-47.0
995,2022-12-13,2022-12,-47.0
996,2022-12-14,2022-12,-47.0
997,2022-12-15,2022-12,-47.0
998,2022-12-16,2022-12,-47.0
999,2022-12-19,2022-12,-47.0
1000,2022-12-20,2022-12,-47.0
1001,2022-12-21,2022-12,-47.0
1002,2022-12-22,2022-12,-47.0
1003,2022-12-23,2022-12,-47.0
1004,2022-12-27,2022-12,-47.0
1005,2022-12-28,2022-12,-47.0
1006,2022-12-29,2022-12,-47.0
1007,2022-12-30,2022-12,-47.0
1008,2023-01-03,2023-01,18.75
1009,2023-01-04,2023-01,18.75
1010,2023-01-05,2023-01,18.75
1011,2023-01-06,2023-01,18.75
1012,2023-01-09,2023-01,18.75
1013,2023-01-10,2023-01,18.75
1014,2023-01-11,2023-01,18.75
1015,2023-01-12,2023-01,18.75
1016,2023-01-13,2023-01,18.75
1017,2023-01-17,2023-01,18.75
1018,2023-01-18,2023-01,18.75
1019,2023-01-19,2023-01,18.75
1020,2023-01-20,2023-01,18.75
1021,2023-01-23,2023-01,18.75
1022,2023-01-24,2023-01,18.75
1023,2023-01-25,2023-01,18.75
1024,2023-01-26,2023-01,18.75
1025,2023-01-27,2023-01,18.75
1026,2023-01-30,2023-01,18.75
1027,2023-01-31,2023-01,18.75
1028,2023-02-01,2023-02,6.75
1029,2023-02-02,2023-02,6.75
1030,2023-02-03,2023-02,6.75
1031,2023-02-06,2023-02,6.75
1032,2023-02-07,2023-02,6.75
1033,2023-02-08,2023-02,6.75
1034,2023-02-09,2023-02,6.75
1035,2023-02-10,2023-02,6.75
1036,2023-02-13,2023-02,6.75
1037,2023-02-14,2023-02,6.75
1038,2023-02-15,2023-02,6.75
1039,2023-02-16,2023-02,6.75
1040,2023-02-17,2023-02,6.75
1041,2023-02-21,2023-02,6.75
1042,2023-02-22,2023-02,6.75
1043,2023-02-23,2023-02,6.75
1044,2023-02-24,2023-02,6.75
1045,2023-02-27,2023-02,6.75
1046,2023-02-28,2023-02,6.75
1047,2023-03-01,2023-03,13.25
1048,2023-03-02,2023-03,13.25
1049,2023-03-03,2023-03,13.25
1050,2023-03-06,2023-03,13.25
1051,2023-03-07,2023-03,13.25
1052,2023-03-08,2023-03,13.25
1053,2023-03-09,2023-03,13.25
1054,2023-03-10,2023-03,13.25
1055,2023-03-13,2023-03,13.25
1056,2023-03-14,2023-03,13.25
1057,2023-03-15,2023-03,13.25
1058,2023-03-16,2023-03,13.25
1059,2023-03-17,2023-03,13.25
1060,2023-03-20,2023-03,13.25
1061,2023-03-21,2023-03,13.25
1062,2023-03-22,2023-03,13.25
1063,2023-03-23,2023-03,13.25
1064,2023-03-24,2023-03,13.25
1065,2023-03-27,2023-03,13.25
1066,2023-03-28,2023-03,13.25
1067,2023-03-29,2023-03,13.25
1068,2023-03-30,2023-03,13.25
1069,2023-03-31,2023-03,13.25
1070,2023-04-03,2023-04,0.75
1071,2023-04-04,2023-04,0.75
1072,2023-04-05,2023-04,0.75
1073,2023-04-06,2023-04,0.75
1074,2023-04-10,2023-04,0.75
1075,2023-04-11,2023-04,0.75
1076,2023-04-12,2023-04,0.75
1077,2023-04-13,2023-04,0.75
1078,2023-04-14,2023-04,0.75
1079,2023-04-17,2023-04,0.75
1080,2023-04-18,2023-04,0.75
1081,2023-04-19,2023-04,0.75
1082,2023-04-20,2023-04,0.75
1083,2023-04-21,2023-04,0.75
1084,2023-04-24,2023-04,0.75
1085,2023-04-25,2023-04,0.75
1086,2023-04-26,2023-04,0.75
1087,2023-04-27,2023-04,0.75
1088,2023-04-28,2023-04,0.75
1089,2023-05-01,2023-05,-95.25
1090,2023-05-02,2023-05,-95.25
1091,2023-05-03,2023-05,-95.25
1092,2023-05-04,2023-05,-95.25
1093,2023-05-05,2023-05,-95.25
1094,2023-05-08,2023-05,-95.25
1095,2023-05-09,2023-05,-95.25
1096,2023-05-10,2023-05,-95.25
1097,2023-05-11,2023-05,-95.25
1098,2023-05-12,2023-05,-95.25
1099,2023-05-15,2023-05,-95.25
1100,2023-05-16,2023-05,-95.25
1101,2023-05-17,2023-05,-95.25
1102,2023-05-18,2023-05,-95.25
1103,2023-05-19,2023-05,-95.25
1104,2023-05-22,2023-05,-95.25
1105,2023-05-23,2023-05,-95.25
1106,2023-05-24,2023-05,-95.25
1107,2023-05-25,2023-05,-95.25
1108,2023-05-26,2023-05,-95.25
1109,2023-05-30,2023-05,-95.25
1110,2023-05-31,2023-05,-95.25
1111,2023-06-01,2023-06,-160.75
1112,2023-06-02,2023-06,-160.75
1113,2023-06-05,2023-06,-160.75
1114,2023-06-06,2023-06,-160.75
1115,2023-06-07,2023-06,-160.75
1116,2023-06-08,2023-06,-160.75
1117,2023-06-09,2023-06,-160.75
1118,2023-06-12,2023-06,-160.75
1119,2023-06-13,2023-06,-160.75
1120,2023-06-14,2023-06,-160.75
1121,2023-06-15,2023-06,-160.75
1122,2023-06-16,2023-06,-160.75
1123,2023-06-20,2023-06,-160.75
1124,2023-06-21,2023-06,-160.75
1125,2023-06-22,2023-06,-160.75
1126,2023-06-23,2023-06,-160.75
1127,2023-06-26,2023-06,-160.75
1128,2023-06-27,2023-06,-160.75
1129,2023-06-28,2023-06,-160.75
1130,2023-06-29,2023-06,-160.75
1131,2023-06-30,2023-06,-160.75
1132,2023-07-03,2023-07,-70.0
1133,2023-07-05,2023-07,-70.0
1134,2023-07-06,2023-07,-70.0
1135,2023-07-07,2023-07,-70.0
1136,2023-07-10,2023-07,-70.0
1137,2023-07-11,2023-07,-70.0
1138,2023-07-12,2023-07,-70.0
1139,2023-07-13,2023-07,-70.0
1140,2023-07-14,2023-07,-70.0
1141,2023-07-17,2023-07,-70.0
1142,2023-07-18,2023-07,-70.0
1143,2023-07-19,2023-07,-70.0
1144,2023-07-20,2023-07,-70.0
1145,2023-07-21,2023-07,-70.0
1146,2023-07-24,2023-07,-70.0
1147,2023-07-25,2023-07,-70.0
1148,2023-07-26,2023-07,-70.0
1149,2023-07-27,2023-07,-70.0
1150,2023-07-28,2023-07,-70.0
1151,2023-07-31,2023-07,-70.0
1152,2023-08-01,2023-08,-70.75
1153,2023-08-02,2023-08,-70.75
1154,2023-08-03,2023-08,-70.75
1155,2023-08-04,2023-08,-70.75
1156,2023-08-07,2023-08,-70.75
1157,2023-08-08,2023-08,-70.75
1158,2023-08-09,2023-08,-70.75
1159,2023-08-10,2023-08,-70.75
1160,2023-08-11,2023-08,-70.75
1161,2023-08-14,2023-08,-70.75
1162,2023-08-15,2023-08,-70.75
1163,2023-08-16,2023-08,-70.75
1164,2023-08-17,2023-08,-70.75
1165,2023-08-18,2023-08,-70.75
1166,2023-08-21,2023-08,-70.75
